relName,CountDeclMethodPrivate,AvgLineCode,CountLine,MaxCyclomatic,CountDeclMethodDefault,AvgEssential,CountDeclClassVariable,SumCyclomaticStrict,AvgCyclomatic,AvgLine,CountDeclClassMethod,AvgLineComment,AvgCyclomaticModified,CountDeclFunction,CountLineComment,CountDeclClass,CountDeclMethod,SumCyclomaticModified,CountLineCodeDecl,CountDeclMethodProtected,CountDeclInstanceVariable,MaxCyclomaticStrict,CountDeclMethodPublic,CountLineCodeExe,SumCyclomatic,SumEssential,CountStmtDecl,loc,CountStmtExe,RatioCommentToCode,CountLineBlank,CountStmt,MaxCyclomaticModified,CountSemicolon,AvgLineBlank,CountDeclInstanceMethod,AvgCyclomaticStrict,PercentLackOfCohesion,MaxInheritanceTree,CountClassDerived,CountClassCoupled,CountClassBase,CountInput_Max,CountInput_Mean,CountInput_Min,CountOutput_Max,CountOutput_Mean,CountOutput_Min,CountPath_Max,CountPath_Mean,CountPath_Min,MaxNesting_Max,MaxNesting_Mean,MaxNesting_Min,COMM,ADEV,DDEV,Added_lines,Del_lines,OWN_LINE,OWN_COMMIT,MINOR_COMMIT,MINOR_LINE,MAJOR_COMMIT,MAJOR_LINE,bug,bugDensity,type
src/main/org/codehaus/groovy/runtime/dgmimpl/arrays/BooleanArrayGetAtMetaMethod.java,0,4,63,2,0,1,1,10,1,4,0,0,1,6,15,2,6,8,18,0,0,4,6,16,8,6,18,40,10,0.38,8,28,2,18,0,6,2,75,6,0,6,1,5,2.8333333333333304,0,5,2.5,1,2,1.33333333333333,1,1,0.555555555555556,0,3,3,1,46,42,1.0,1.0,0,1,1,0,0,0.0,NON
src/main/org/codehaus/groovy/runtime/dgmimpl/arrays/BooleanArrayPutAtMetaMethod.java,0,6,83,4,0,1,3,17,2,6,0,0,2,7,15,2,7,12,23,0,0,5,7,30,12,9,23,59,19,0.25,9,42,4,28,0,7,2,83,6,0,6,1,5,3.28571428571429,1,6,3.4285714285714306,1,4,1.7142857142857095,1,3,1.2,0,3,3,1,48,19,1.0,1.0,0,1,1,0,1,0.0169491525423728,NON
src/main/org/codehaus/groovy/runtime/dgmimpl/arrays/ByteArrayGetAtMetaMethod.java,0,4,63,2,0,1,1,10,1,4,0,0,1,6,15,2,6,8,18,0,0,4,6,16,8,6,18,40,10,0.38,8,28,2,18,0,6,2,75,6,0,6,1,5,2.8333333333333304,0,5,2.5,1,2,1.33333333333333,1,1,0.555555555555556,0,3,3,1,48,44,1.0,1.0,0,1,1,0,0,0.0,NON
src/main/org/codehaus/groovy/runtime/dgmimpl/arrays/ByteArrayPutAtMetaMethod.java,0,7,89,4,0,1,3,18,2,7,0,0,2,7,15,2,7,13,25,0,0,5,7,35,13,9,25,65,21,0.23,9,46,4,31,0,7,3,83,6,0,6,1,5,3.28571428571429,1,6,3.4285714285714306,1,4,1.85714285714286,1,3,1.3,0,3,3,1,48,19,1.0,1.0,0,1,1,0,1,0.0153846153846153,NON
src/main/org/codehaus/groovy/runtime/dgmimpl/arrays/CharacterArrayGetAtMetaMethod.java,0,4,48,2,0,1,1,10,1,4,0,0,1,6,0,2,6,8,18,0,0,4,6,16,8,6,18,40,10,0.0,8,28,2,18,0,6,2,75,6,0,6,1,5,2.8333333333333304,0,5,2.5,1,2,1.33333333333333,1,1,0.555555555555556,0,3,3,1,33,44,1.0,1.0,0,1,1,0,0,0.0,NON
src/main/org/codehaus/groovy/runtime/dgmimpl/arrays/CharacterArrayPutAtMetaMethod.java,0,6,83,4,0,1,3,17,2,6,0,0,2,7,15,2,7,12,23,0,0,5,7,30,12,9,23,59,19,0.25,9,42,4,28,0,7,2,83,6,0,6,1,5,3.28571428571429,1,6,3.4285714285714306,1,4,1.7142857142857095,1,3,1.2,0,3,3,1,48,19,1.0,1.0,0,1,1,0,1,0.0508474576271186,NON
src/main/org/codehaus/groovy/runtime/dgmimpl/arrays/DoubleArrayGetAtMetaMethod.java,0,4,48,2,0,1,1,10,1,4,0,0,1,6,0,2,6,8,18,0,0,4,6,16,8,6,18,40,10,0.0,8,28,2,18,0,6,2,75,6,0,6,1,5,2.8333333333333304,0,5,2.5,1,2,1.33333333333333,1,1,0.555555555555556,0,3,3,1,33,44,1.0,1.0,0,1,1,0,0,0.0,NON
src/main/org/codehaus/groovy/runtime/dgmimpl/arrays/DoubleArrayPutAtMetaMethod.java,0,7,89,4,0,1,3,18,2,7,0,0,2,7,15,2,7,13,25,0,0,5,7,35,13,9,25,65,21,0.23,9,46,4,31,0,7,3,83,6,0,6,1,5,3.28571428571429,1,6,3.4285714285714306,1,4,1.85714285714286,1,3,1.3,0,3,3,1,48,19,1.0,1.0,0,1,1,0,1,0.0153846153846153,NON
src/main/org/codehaus/groovy/runtime/dgmimpl/arrays/FloatArrayGetAtMetaMethod.java,0,4,63,2,0,1,1,10,1,4,0,0,1,6,15,2,6,8,18,0,0,4,6,16,8,6,18,40,10,0.38,8,28,2,18,0,6,2,75,6,0,6,1,5,2.8333333333333304,0,5,2.5,1,2,1.33333333333333,1,1,0.555555555555556,0,3,3,1,48,44,1.0,1.0,0,1,1,0,0,0.0,NON
src/main/org/codehaus/groovy/runtime/dgmimpl/arrays/FloatArrayPutAtMetaMethod.java,0,7,89,4,0,1,3,18,2,7,0,0,2,7,15,2,7,13,25,0,0,5,7,35,13,9,25,65,21,0.23,9,46,4,31,0,7,3,83,6,0,6,1,5,3.28571428571429,1,6,3.4285714285714306,1,4,1.85714285714286,1,3,1.3,0,3,3,1,48,19,1.0,1.0,0,1,1,0,1,0.0153846153846153,NON
src/main/org/codehaus/groovy/runtime/dgmimpl/arrays/IntegerArrayGetAtMetaMethod.java,0,4,63,2,0,1,1,10,1,4,0,0,1,6,15,2,6,8,18,0,0,4,6,16,8,6,18,40,10,0.38,8,28,2,18,0,6,2,75,6,0,6,1,5,2.8333333333333304,0,5,2.5,1,2,1.33333333333333,1,1,0.555555555555556,0,3,3,1,48,44,1.0,1.0,0,1,1,0,0,0.0,NON
src/main/org/codehaus/groovy/runtime/dgmimpl/arrays/IntegerArrayPutAtMetaMethod.java,0,7,89,4,0,1,3,18,2,7,0,0,2,7,15,2,7,13,25,0,0,5,7,35,13,9,25,65,21,0.23,9,46,4,31,0,7,3,83,6,0,6,1,5,3.28571428571429,1,5,3.0,1,4,1.85714285714286,1,3,1.3,0,3,3,1,48,19,1.0,1.0,0,1,1,0,1,0.0153846153846153,NON
src/main/org/codehaus/groovy/runtime/dgmimpl/arrays/LongArrayGetAtMetaMethod.java,0,4,63,2,0,1,1,10,1,4,0,0,1,6,15,2,6,8,18,0,0,4,6,16,8,6,18,40,10,0.38,8,28,2,18,0,6,2,75,6,0,6,1,5,2.8333333333333304,0,5,2.5,1,2,1.33333333333333,1,1,0.555555555555556,0,3,3,1,48,44,1.0,1.0,0,1,1,0,0,0.0,NON
src/main/org/codehaus/groovy/runtime/dgmimpl/arrays/LongArrayPutAtMetaMethod.java,0,7,89,4,0,1,3,18,2,7,0,0,2,7,15,2,7,13,25,0,0,5,7,35,13,9,25,65,21,0.23,9,46,4,31,0,7,3,83,6,0,6,1,5,3.28571428571429,1,6,3.4285714285714306,1,4,1.85714285714286,1,3,1.3,0,3,3,1,48,19,1.0,1.0,0,1,1,0,1,0.0153846153846153,NON
src/main/org/codehaus/groovy/runtime/dgmimpl/arrays/ObjectArrayGetAtMetaMethod.java,0,5,67,4,0,1,1,11,2,5,0,0,2,6,15,2,6,10,18,0,0,5,6,18,10,8,18,44,13,0.34,8,31,4,19,0,6,2,75,6,0,6,1,5,3.0,0,5,2.5,1,4,1.6666666666666698,1,3,1.22222222222222,0,4,4,1,50,29,1.0,1.0,0,1,1,0,0,0.0,NON
src/main/org/codehaus/groovy/runtime/dgmimpl/arrays/ObjectArrayPutAtMetaMethod.java,0,5,71,4,0,1,3,11,2,5,0,0,2,6,15,2,6,10,20,0,0,5,6,22,10,8,20,48,15,0.31,8,35,4,23,0,6,2,83,6,0,6,1,5,3.3333333333333304,1,5,2.6666666666666696,1,4,1.6666666666666698,1,3,1.22222222222222,0,3,3,1,43,17,1.0,1.0,0,1,1,0,1,0.0416666666666666,NON
src/main/org/codehaus/groovy/runtime/dgmimpl/arrays/ShortArrayGetAtMetaMethod.java,0,4,63,2,0,1,1,10,1,4,0,0,1,6,15,2,6,8,18,0,0,4,6,16,8,6,18,40,10,0.38,8,28,2,18,0,6,2,75,6,0,6,1,5,2.8333333333333304,0,5,2.5,1,2,1.33333333333333,1,1,0.555555555555556,0,3,3,1,48,44,1.0,1.0,0,1,1,0,0,0.0,NON
src/main/org/codehaus/groovy/runtime/dgmimpl/arrays/ShortArrayPutAtMetaMethod.java,0,7,89,4,0,1,3,18,2,7,0,0,2,7,15,2,7,13,25,0,0,5,7,35,13,9,25,65,21,0.23,9,46,4,31,0,7,3,83,6,0,6,1,5,3.28571428571429,1,6,3.4285714285714306,1,4,1.85714285714286,1,3,1.3,0,3,3,1,48,19,1.0,1.0,0,1,1,0,1,0.0153846153846153,NON
src/main/groovy/beans/Bindable.java,0,0,45,0,0,0,0,0,0,0,0,0,0,0,30,1,0,0,10,0,0,0,0,0,0,0,7,11,0,2.73,4,7,0,6,0,0,0,0,0,0,0,0,0,0.0,0,0,0.0,0,0,0.0,0,4,1.33333333333333,0,2,2,1,2,2,1.0,1.0,0,1,1,0,0,0.0,NON
src/main/groovy/beans/BindableASTTransformation.java,3,21,366,6,0,2,1,31,3,32,1,9,3,9,120,1,9,28,46,4,2,7,2,159,28,22,48,221,50,0.54,25,98,6,65,1,8,3,81,1,1,30,3,15,6.111111111111111,2,14,8.888888888888891,4,10,3.88888888888889,1,4,2.0,0,3,3,1,27,32,0.677595628415301,1.0,0,2,1,1,1,0.0090497737556561,NON
src/main/groovy/beans/Vetoable.java,0,0,45,0,0,0,0,0,0,0,0,0,0,0,30,1,0,0,10,0,0,0,0,0,0,0,7,11,0,2.73,4,7,0,6,0,0,0,0,0,0,0,0,0,0.0,0,0,0.0,0,0,0.0,0,0,0.0,0,2,2,1,2,2,1.0,1.0,0,1,1,0,0,0.0,NON
src/main/groovy/beans/VetoableASTTransformation.java,3,20,376,5,0,2,1,32,3,30,1,8,3,10,123,1,10,27,50,5,2,6,2,165,27,18,51,227,49,0.54,26,100,5,68,0,9,3,83,2,0,30,1,13,5.2,2,22,8.7,2,12,3.6,1,3,1.5833333333333302,0,3,3,1,18,23,0.6648936170212769,1.0,0,2,1,1,1,0.0088105726872246,NON
src/main/groovy/grape/GrabAnnotationTransformation.java,0,30,211,19,0,1,6,43,7,37,0,2,7,4,32,1,4,26,50,1,7,30,3,92,26,4,54,147,55,0.22,32,109,19,79,4,4,11,55,3,0,21,2,15,7.5,1,41,13.75,1,820,207.0,1,8,5.0,0,2,2,1,213,2,1.0,1.0,0,1,1,0,0,0.0,NON
src/main/groovy/grape/Grape.java,0,4,80,6,0,1,2,19,2,4,6,0,2,10,26,2,10,19,13,0,0,6,10,22,19,10,17,45,20,0.58,9,37,6,19,0,4,2,50,1,0,1,2,6,1.5,0,4,2.1,1,9,2.2,1,1,0.461538461538462,0,1,1,1,80,0,1.0,1.0,0,1,1,0,0,0.0,NON
src/main/groovy/grape/GrapeEngine.java,0,1,35,1,4,1,0,4,1,1,0,0,1,4,20,1,4,4,8,0,0,1,0,0,4,4,8,9,0,2.22,6,8,1,7,0,4,1,0,0,1,0,0,2,1.0,0,1,1.0,1,1,1.0,1,0,0.0,0,1,1,1,35,0,1.0,1.0,0,1,1,0,0,0.0,NON
src/main/org/codehaus/groovy/runtime/dgmimpl/NumberNumberDiv.java,0,6,328,17,0,2,0,75,2,6,1,0,2,35,36,14,35,75,55,0,0,17,35,112,75,75,55,255,99,0.14,49,154,17,65,0,34,2,0,6,0,16,1,7,4.02857142857143,0,15,3.05714285714286,1,70,3.65714285714286,1,2,1.09803921568627,0,4,4,1,375,329,1.0,1.0,0,1,1,0,0,0.0,NON
src/main/org/codehaus/groovy/runtime/dgmimpl/NumberNumberMinus.java,0,6,388,21,0,2,0,91,2,7,1,0,2,39,38,18,39,91,62,0,0,21,39,139,91,91,62,310,123,0.12,56,185,21,76,0,38,2,0,6,0,20,1,7,4.35897435897436,0,18,3.23076923076923,1,76,3.743589743589741,1,2,1.20689655172414,0,5,5,2,496,461,1.0,0.8,0,1,2,0,0,0.0,NON
src/main/org/codehaus/groovy/runtime/dgmimpl/NumberNumberMultiply.java,0,6,375,21,0,2,0,91,2,7,1,0,2,39,25,18,39,91,62,0,0,21,39,139,91,91,62,310,123,0.08,56,185,21,76,0,38,2,0,6,0,20,1,7,4.33333333333333,0,18,3.23076923076923,1,76,3.743589743589741,1,2,1.20689655172414,0,5,5,2,496,461,1.0,0.8,0,1,2,0,0,0.0,NON
src/main/org/codehaus/groovy/runtime/dgmimpl/NumberNumberPlus.java,0,7,382,21,0,2,0,90,2,7,1,0,2,38,38,18,38,90,58,0,0,21,38,141,90,90,60,306,122,0.12,54,182,21,75,0,37,2,0,6,0,19,2,7,4.28947368421053,0,17,3.23684210526316,1,76,3.81578947368421,1,2,1.1578947368421102,0,5,5,2,486,454,1.0,0.8,0,1,2,0,0,0.0,NON
src/main/org/codehaus/groovy/runtime/GroovyCategorySupport.java,5,6,241,5,0,1,2,41,2,8,6,1,2,20,45,5,20,37,61,1,6,7,14,87,37,25,64,165,65,0.27,31,129,5,89,0,14,2,50,6,0,9,2,20,4.0,0,13,3.7,1,5,1.75,1,4,1.03846153846154,0,4,4,3,154,182,0.5767634854771779,0.5,0,4,3,0,0,0.0,NON
src/main/org/codehaus/groovy/runtime/HandleMetaClass.java,0,6,98,6,0,1,2,27,2,6,0,0,2,12,3,1,12,22,21,0,1,6,12,42,22,14,22,81,35,0.04,16,57,6,33,0,12,2,83,2,0,5,1,8,2.1666666666666696,0,10,3.0,0,6,2.0,1,4,1.14285714285714,0,6,6,1,103,5,1.0,1.0,0,1,1,0,0,0.0,NON
src/main/groovy/lang/BenchmarkInterceptor.java,0,6,74,3,0,1,0,9,2,6,0,0,2,6,23,1,6,9,16,0,1,3,6,23,9,6,18,41,17,0.56,11,35,3,27,0,6,2,16,1,0,0,2,3,1.16666666666667,0,9,3.6666666666666696,1,3,1.5,1,2,0.875,0,1,1,1,1,1,0.756756756756757,1.0,0,2,1,2,0,0.0,NON
src/main/org/codehaus/groovy/runtime/InvokerHelper.java,0,10,833,16,2,2,5,170,3,13,53,2,3,55,148,3,55,160,153,1,0,16,52,399,160,106,162,619,286,0.24,73,448,16,305,0,2,3,92,1,0,29,2,335,12.7636363636364,0,19,4.454545454545451,1,17,3.01818181818182,1,3,0.949152542372881,0,5,5,3,22,12,0.259303721488595,0.4,0,4,3,6,0,0.0,NON
src/main/org/codehaus/groovy/runtime/IteratorClosureAdapter.java,0,3,57,1,0,1,0,5,1,3,0,0,1,5,22,1,5,5,13,1,2,1,4,8,5,5,13,25,6,0.88,10,19,1,13,0,5,1,60,3,0,2,1,6,3.2,1,2,1.4,1,1,1.0,1,0,0.0,0,1,1,1,1,1,0.6491228070175439,1.0,0,2,1,3,0,0.0,NON
src/main/groovy/lang/Category.java,0,1,36,1,1,1,0,1,1,1,0,0,1,1,21,1,1,1,11,0,0,1,0,0,1,1,8,11,0,1.91,4,8,1,7,0,1,1,0,0,0,0,0,0,0.0,0,1,1.0,1,1,1.0,1,0,0.0,0,3,3,1,39,2,1.0,1.0,0,1,1,0,0,0.0,NON
src/main/groovy/lang/Closure.java,6,5,559,12,0,1,8,88,2,6,1,1,2,51,205,2,51,78,80,1,7,12,44,150,84,71,80,289,120,0.71,65,200,9,120,0,50,2,91,3,33,10,4,83,7.13725490196078,0,14,2.45098039215686,1,12,1.6470588235294097,1,3,0.444444444444444,0,3,3,3,18,31,0.304114490161002,0.333333333333333,0,5,3,6,0,0.0,NON
src/main/org/codehaus/groovy/runtime/metaclass/ClosureMetaClass.java,12,10,686,29,3,2,6,169,3,11,1,0,3,50,68,10,50,145,140,1,9,41,34,348,148,96,150,549,273,0.12,72,423,26,277,0,49,3,91,2,7,23,2,15,3.16,0,25,3.4,0,5266,109.02,1,5,1.08064516129032,0,3,3,2,34,8,0.5918367346938779,0.666666666666667,0,3,2,0,1,0.0036429872495446,NON
src/main/org/codehaus/groovy/runtime/metaclass/ClosureMetaMethod.java,0,6,164,8,0,1,0,26,1,6,2,0,1,18,28,3,18,26,39,0,4,8,18,52,26,18,46,113,37,0.25,23,83,8,54,0,16,1,77,4,1,7,2,8,2.77777777777778,0,12,3.44444444444444,1,7,1.38888888888889,1,1,0.136363636363636,0,6,6,1,94,13,0.670731707317073,1.0,0,2,1,2,0,0.0,NON
src/main/groovy/lang/Delegate.java,0,1,40,1,0,1,0,1,1,4,0,3,1,1,25,1,1,1,11,0,0,1,1,0,1,1,8,11,0,2.27,4,8,1,7,0,1,1,0,0,0,0,0,0,0.0,0,1,1.0,1,1,1.0,1,0,0.0,0,2,2,2,42,1,1.0,0.5,0,1,2,0,0,0.0,NON
src/main/groovy/lang/DelegatingMetaClass.java,0,3,298,3,0,1,0,60,1,3,0,0,1,49,73,1,49,59,56,0,1,3,49,71,59,53,56,183,65,0.4,42,121,3,61,0,49,1,6,1,7,9,4,10,3.12244897959184,0,4,1.91836734693878,0,3,1.20408163265306,1,2,0.2745098039215689,0,2,2,2,3,3,0.536912751677852,0.5,0,3,2,3,0,0.0,NON
src/main/org/codehaus/groovy/runtime/metaclass/MetaClassRegistryImpl.java,6,9,449,10,0,1,4,64,2,12,1,2,2,30,113,3,30,62,86,1,11,11,23,171,62,36,102,279,124,0.41,57,226,10,160,0,29,2,91,1,0,20,2,9,2.96666666666667,1,18,3.86666666666667,1,13,2.43333333333333,1,5,0.882352941176471,0,7,7,2,247,103,0.447661469933185,0.7142857142857142,0,5,2,4,0,0.0,NON
src/main/org/codehaus/groovy/runtime/metaclass/MetaMethodIndex.java,8,10,532,15,3,2,3,130,3,11,1,0,3,40,31,6,40,110,149,0,27,21,29,277,110,72,177,428,197,0.07,77,374,15,263,0,39,3,91,1,1,17,2,19,4.275,0,13,3.15,1,15,2.875,1,5,1.25531914893617,0,4,4,2,9,10,0.983082706766917,0.75,0,1,2,1,0,0.0,NON
src/main/groovy/lang/ExpandoMetaClass.java,13,8,1250,7,1,2,11,255,2,10,3,1,2,101,261,16,101,216,226,17,22,11,70,487,216,153,248,812,361,0.32,178,609,7,386,0,98,3,96,3,4,30,2,10,3.43564356435644,0,16,3.92079207920792,0,21,2.31683168316832,1,3,0.8559322033898309,0,16,16,3,459,358,0.6312,0.875,0,2,3,2,1,0.0024630541871921,NON
src/main/groovy/lang/ExpandoMetaClassCreationHandle.java,0,5,88,2,0,1,1,8,2,8,2,2,2,5,45,1,5,8,13,1,0,2,4,16,8,5,13,35,11,1.29,8,24,2,15,0,3,2,60,2,0,6,1,3,1.8,1,4,3.4,3,2,1.6,1,1,0.7142857142857142,0,4,4,2,5,50,0.7272727272727271,0.75,0,2,2,1,0,0.0,NON
src/main/groovy/lang/Grab.java,0,1,49,1,4,1,0,4,1,2,0,1,1,4,26,1,4,4,18,0,0,1,0,0,4,4,10,19,0,1.37,4,10,1,9,0,4,1,0,0,0,0,0,0,0.0,0,1,1.0,1,1,1.0,1,0,0.0,0,1,1,1,49,0,1.0,1.0,0,1,1,0,0,0.0,NON
src/main/groovy/lang/Grapes.java,0,1,41,1,2,1,0,2,1,4,0,3,1,2,33,1,2,2,4,0,0,1,0,0,2,2,4,5,0,6.6,3,4,1,3,0,2,1,0,0,0,1,0,0,0.0,0,1,1.0,1,1,1.0,1,0,0.0,0,1,1,1,41,0,1.0,1.0,0,1,1,0,0,0.0,NON
src/main/groovy/lang/GroovyClassLoader.java,2,6,867,15,0,1,1,128,2,10,0,4,2,67,334,8,67,119,149,17,12,16,48,247,119,91,153,446,196,0.75,87,349,15,222,0,67,2,90,3,4,14,2,14,3.43283582089552,0,19,3.35820895522388,1,208,4.985074626865671,1,5,0.5657894736842111,0,2,2,1,34,24,0.468281430219146,1.0,0,4,1,7,0,0.0,NON
src/main/org/codehaus/groovy/runtime/metaclass/MethodSelectionException.java,2,12,98,4,0,1,0,9,2,13,0,1,2,4,30,1,4,9,20,0,3,4,2,35,9,4,22,58,30,0.52,10,52,4,43,0,4,2,50,3,0,5,1,5,4.0,2,13,6.25,2,3,2.0,1,2,1.33333333333333,0,1,1,1,1,1,0.787878787878788,1.0,0,2,1,0,0,0.0,NON
src/main/org/codehaus/groovy/runtime/metaclass/MixedInMetaClass.java,0,3,48,1,0,1,0,3,1,3,0,0,1,3,19,1,3,3,13,2,1,1,1,5,3,3,13,21,5,0.9,8,18,1,14,0,3,1,33,3,0,4,1,3,1.6666666666666698,1,7,3.6666666666666696,2,1,1.0,1,0,0.0,0,1,1,1,49,0,1.0,1.0,0,1,1,0,0,0.0,NON
src/main/org/codehaus/groovy/runtime/metaclass/MixinInstanceMetaMethod.java,0,3,45,1,0,1,0,7,1,3,0,0,1,7,3,1,7,7,16,1,2,1,6,9,7,7,16,32,8,0.09,10,24,1,16,0,7,1,35,3,0,2,1,4,1.85714285714286,1,3,2.28571428571429,2,1,1.0,1,0,0.0,0,1,1,1,45,0,1.0,1.0,0,1,1,0,0,0.0,NON
src/main/groovy/lang/GroovyObjectSupport.java,0,3,57,2,0,1,0,7,1,3,0,0,1,6,22,1,6,7,10,0,1,2,6,8,7,6,10,26,8,0.85,9,18,2,10,0,6,1,50,1,30,3,2,23,11.166666666666698,0,4,2.8333333333333304,1,2,1.16666666666667,1,1,0.375,0,3,3,2,14,8,0.614035087719298,0.666666666666667,0,3,2,1,0,0.0,NON
src/main/org/codehaus/groovy/runtime/metaclass/MixinInstanceMetaProperty.java,2,6,78,1,0,1,0,13,1,7,2,0,1,13,3,3,13,13,12,0,2,1,11,30,13,13,24,60,16,0.05,15,40,1,26,0,11,1,80,3,0,5,2,4,1.53846153846154,1,6,2.0,1,1,1.0,1,0,0.0,0,1,1,1,78,0,1.0,1.0,0,1,1,0,0,0.0,NON
src/main/org/codehaus/groovy/runtime/metaclass/OwnedMetaClass.java,0,4,221,1,0,1,0,37,1,4,0,0,1,37,6,1,37,37,105,2,0,1,35,97,37,37,105,176,35,0.03,39,140,1,104,0,37,1,0,2,3,3,1,31,3.5135135135135096,0,5,3.5675675675675698,1,1,1.0,1,0,0.0,0,2,2,2,223,2,0.990950226244344,0.5,0,1,2,1,0,0.0,NON
src/main/groovy/lang/GroovyShell.java,9,7,648,11,0,1,1,97,2,11,1,3,2,51,206,6,51,96,96,1,5,11,41,212,96,59,98,376,147,0.55,66,245,11,150,0,50,2,88,2,0,10,2,13,3.96078431372549,1,15,3.54901960784314,1,13,2.09803921568627,1,3,0.586206896551724,0,1,1,1,21,4,0.4396284829721359,1.0,0,3,1,10,1,0.0053191489361702,NON
src/main/org/codehaus/groovy/runtime/metaclass/ThreadManagedMetaBeanProperty.java,1,4,226,3,0,1,2,23,1,5,1,1,1,20,78,3,20,23,44,0,8,3,19,45,23,22,44,110,41,0.71,38,85,3,59,0,19,1,75,3,0,7,1,5,2.1,1,11,2.9,1,3,1.15,1,2,0.2916666666666669,0,4,4,1,32,58,0.411504424778761,1.0,0,3,1,1,0,0.0,NON
src/main/groovy/lang/GString.java,0,6,251,6,0,1,2,36,2,7,0,0,2,23,46,4,23,36,55,0,1,6,23,96,36,23,59,167,65,0.28,38,124,6,88,0,23,2,88,2,10,6,6,20,2.95652173913043,0,10,2.91304347826087,1,6,1.6086956521739098,1,4,0.6071428571428571,0,6,6,1,65,26,0.48207171314741,1.0,0,6,1,2,0,0.0,NON
src/main/org/codehaus/groovy/runtime/MetaClassHelper.java,6,17,991,21,0,4,12,289,6,22,38,4,6,38,211,1,38,209,170,4,0,51,28,536,209,134,171,718,399,0.29,83,570,21,365,0,0,8,97,1,0,11,1,19,5.63157894736842,1,23,4.3684210526315805,1,77,7.81578947368421,1,4,1.925,0,7,7,3,265,47,0.3158425832492429,0.4285714285714289,0,4,3,2,1,0.0027855153203342,NON
src/main/groovy/lang/Immutable.java,0,0,71,0,0,0,0,0,0,0,0,0,0,0,57,1,0,0,10,0,0,0,0,0,0,0,7,10,0,5.7,4,7,0,6,0,0,0,0,0,0,0,0,0,0.0,0,0,0.0,0,0,0.0,0,0,0.0,0,5,5,1,82,10,1.0,1.0,0,1,1,0,0,0.0,NON
src/main/org/codehaus/groovy/runtime/MethodClosure.java,0,8,85,6,0,1,0,14,2,8,0,0,2,6,22,3,6,12,16,1,1,8,5,28,12,6,19,50,22,0.44,13,41,6,29,0,6,2,25,3,0,1,2,8,2.5,0,10,3.6666666666666696,1,9,2.5,1,2,0.7,0,1,1,1,1,1,0.388235294117647,1.0,0,4,1,0,0,0.0,NON
src/main/groovy/lang/Lazy.java,0,1,83,1,1,1,0,1,1,4,0,3,1,1,68,1,1,1,11,0,0,1,0,0,1,1,8,11,0,6.18,4,8,1,7,0,1,1,0,0,0,0,0,0,0.0,0,1,1.0,1,1,1.0,1,0,0.0,0,3,3,2,91,7,0.9285714285714292,0.666666666666667,0,2,2,0,0,0.0,NON
src/main/org/codehaus/groovy/runtime/ScriptBytecodeAdapter.java,1,4,704,9,0,1,4,158,2,5,90,0,2,90,124,1,90,152,133,0,0,11,89,227,152,99,149,458,212,0.27,122,361,9,226,0,0,2,96,1,0,24,1,9,3.57777777777778,1,10,2.94444444444444,1,18,1.8333333333333304,1,3,0.4782608695652171,0,9,9,4,25,73,0.4019886363636359,0.444444444444444,0,4,4,6,1,0.0043668122270742,NON
src/main/groovy/lang/MetaClassImpl.java,64,13,3372,49,1,2,20,845,4,16,7,1,4,198,349,25,198,695,683,23,32,66,110,1779,698,464,751,2600,1264,0.13,427,2015,46,1348,1,191,4,97,4,3,78,3,24,4.53030303030303,0,27,4.83333333333333,0,5276,52.6969696969697,1,7,1.09375,0,27,27,3,541,174,0.465599051008304,0.666666666666667,0,2,3,4,1,0.0015384615384615,NON
src/main/groovy/lang/MetaClassRegistry.java,0,3,144,4,9,1,0,15,1,6,0,3,1,11,87,2,11,15,22,1,0,4,1,17,15,14,22,43,9,2.02,14,31,4,24,0,11,1,0,1,1,7,1,38,5.72727272727273,0,7,1.3636363636363602,0,4,1.3636363636363602,1,2,0.5,0,2,2,2,47,10,0.347222222222222,0.5,0,5,2,1,0,0.0,NON
src/main/groovy/lang/MetaClassRegistryChangeEvent.java,0,3,42,1,0,1,0,3,1,3,0,0,1,3,19,1,3,3,8,0,2,1,3,5,3,3,8,17,5,1.12,6,13,1,9,0,3,1,33,2,0,1,1,4,2.3333333333333304,1,3,1.6666666666666698,1,1,1.0,1,0,0.0,0,1,1,1,42,0,1.0,1.0,0,1,1,0,0,0.0,NON
src/main/groovy/lang/MetaClassRegistryChangeEventListener.java,0,1,39,1,1,1,0,1,1,8,0,7,1,1,31,1,1,1,4,0,0,1,0,0,1,1,4,5,0,6.2,3,4,1,3,0,1,1,0,2,1,1,1,1,1.0,1,0,0.0,0,1,1.0,1,0,0.0,0,2,2,2,40,1,0.974358974358974,0.5,0,1,2,1,0,0.0,NON
src/main/groovy/lang/MetaProperty.java,0,2,76,2,0,1,1,10,1,4,2,1,1,8,35,1,8,9,15,0,2,3,8,10,9,8,15,30,7,1.17,11,22,2,15,0,6,1,79,1,14,0,1,11,6.625,2,4,1.75,0,1,1.0,1,0,0.0,0,1,1,1,10,0,0.618421052631579,1.0,0,4,1,2,1,0.0666666666666666,NON
src/main/org/codehaus/groovy/runtime/typehandling/DefaultTypeTransformation.java,3,16,827,45,0,4,2,230,5,18,41,1,5,41,65,1,41,203,134,0,0,56,38,456,203,164,155,700,375,0.09,63,530,45,328,0,0,6,100,1,0,11,1,32,5.36585365853659,1,49,6.414634146341459,1,158,8.09756097560976,1,4,1.41860465116279,0,8,8,2,83,67,0.750906892382104,0.875,0,2,2,4,0,0.0,NON
src/main/groovy/lang/Newify.java,0,1,105,1,2,1,0,2,1,2,0,1,1,2,88,1,2,2,12,0,0,1,0,0,2,2,9,12,0,7.33,5,9,1,8,0,2,1,0,0,0,0,0,0,0.0,0,1,1.0,1,1,1.0,1,0,0.0,0,1,1,1,106,0,1.0,1.0,0,1,1,0,0,0.0,NON
src/main/groovy/lang/ObjectRange.java,3,10,416,11,0,2,0,86,3,14,1,3,3,25,118,2,25,75,62,2,6,12,20,159,75,48,71,259,128,0.46,40,199,11,126,0,24,3,67,2,0,7,2,19,3.84,1,11,3.4,1,234,13.08,1,4,1.25,0,4,4,1,60,46,0.471153846153846,1.0,0,3,1,3,0,0.0,NON
src/main/groovy/lang/Sequence.java,0,5,221,5,0,1,0,39,2,6,0,0,2,24,44,1,24,39,41,3,3,5,21,74,39,27,45,147,64,0.3,30,109,5,72,0,24,2,77,2,1,5,2,7,2.2083333333333304,0,9,2.9583333333333304,1,6,1.7083333333333302,1,3,0.6923076923076921,0,1,1,1,1,1,0.923423423423423,1.0,0,2,1,3,0,0.0,NON
src/main/groovy/lang/Singleton.java,0,1,42,1,1,1,0,1,1,4,0,3,1,1,27,1,1,1,11,0,0,1,0,0,1,1,8,11,0,2.45,4,8,1,7,0,1,1,0,0,0,0,0,0,0.0,0,1,1.0,1,1,1.0,1,0,0.0,0,5,5,2,45,2,0.976744186046512,0.8,0,1,2,1,0,0.0,NON
src/main/groovy/model/DefaultTableColumn.java,0,4,82,2,0,1,0,10,1,5,0,1,1,8,32,1,8,10,14,0,1,2,8,16,10,8,14,38,14,0.84,12,28,2,17,0,8,1,25,2,0,2,1,4,2.5,1,4,2.5,1,2,1.25,1,1,0.4,0,1,1,1,7,2,0.6867469879518069,1.0,0,4,1,0,0,0.0,NON
src/main/groovy/model/DefaultTableModel.java,0,4,213,4,0,1,0,43,1,5,0,0,1,26,39,2,26,36,52,2,3,7,24,65,36,34,53,141,53,0.28,33,106,4,68,0,26,2,71,2,0,8,1,6,2.57692307692308,0,8,2.84615384615385,1,4,1.38461538461538,1,1,0.2758620689655169,0,1,1,1,10,6,0.7616822429906541,1.0,0,3,1,0,0,0.0,NON
src/main/org/codehaus/groovy/tools/FileSystemCompiler.java,0,12,286,8,0,1,0,45,3,15,11,0,3,15,34,1,15,42,55,0,1,10,15,135,42,19,57,207,99,0.16,46,156,8,113,1,4,3,80,1,0,6,1,5,2.86666666666667,1,14,5.33333333333333,1,16,3.86666666666667,1,4,1.29411764705882,0,3,3,1,175,177,0.70979020979021,1.0,0,3,1,6,0,0.0,NON
src/main/groovy/sql/Sql.java,6,6,1627,12,0,1,30,242,2,9,42,3,2,146,593,37,146,233,282,10,11,15,130,607,233,152,322,924,433,0.64,112,755,12,514,0,104,2,98,1,1,12,2,30,3.12328767123288,0,16,3.0,1,92,2.22602739726027,1,7,0.467391304347826,0,4,4,1,256,139,0.456668715427167,1.0,0,4,1,2,0,0.0,NON
src/main/groovy/swing/binding/AbstractButtonProperties.java,0,4,75,1,0,1,0,7,1,4,1,0,1,7,20,3,7,7,19,0,1,1,7,18,7,7,20,45,14,0.44,10,34,1,25,0,6,1,60,3,0,5,3,4,1.42857142857143,0,5,3.14285714285714,1,1,1.0,1,3,0.25,0,1,1,1,7,58,1.0,1.0,0,1,1,0,0,0.0,NON
src/main/groovy/swing/binding/AbstractSyntheticBinding.java,0,6,94,4,0,1,0,17,2,6,0,0,2,8,23,1,8,16,18,2,3,5,6,29,16,8,18,61,26,0.38,10,44,4,29,0,8,2,66,2,9,3,1,13,3.875,1,7,2.625,0,8,2.5,1,3,1.2,0,1,1,1,94,0,1.0,1.0,0,1,1,0,0,0.0,NON
src/main/groovy/swing/binding/JComboBoxProperties.java,0,4,172,1,0,1,0,24,1,4,1,0,1,24,23,8,24,24,38,2,3,1,22,50,24,24,42,115,41,0.2,34,83,1,55,0,23,1,71,3,0,5,3,6,1.4166666666666698,0,5,2.2083333333333304,1,1,1.0,1,0,0.0,0,1,1,1,172,0,1.0,1.0,0,1,1,0,0,0.0,NON
src/main/groovy/swing/binding/JScrollBarProperties.java,0,4,80,1,0,1,0,8,1,4,1,0,1,8,20,3,8,8,20,0,1,1,8,19,8,8,21,48,15,0.42,12,36,1,26,0,7,1,66,3,0,5,3,4,1.375,0,5,2.875,1,1,1.0,1,0,0.0,0,1,1,1,13,60,1.0,1.0,0,1,1,0,0,0.0,NON
src/main/groovy/swing/binding/JSliderProperties.java,0,4,76,1,0,1,0,7,1,4,1,0,1,7,20,3,7,7,19,0,1,1,7,18,7,7,20,45,14,0.44,11,34,1,25,0,6,1,60,3,0,5,3,4,1.42857142857143,0,5,3.14285714285714,1,1,1.0,1,0,0.0,0,1,1,1,13,64,1.0,1.0,0,1,1,0,0,0.0,NON
src/main/groovy/swing/binding/JTableProperties.java,0,5,120,1,0,1,0,14,1,5,1,0,1,14,21,6,14,14,29,3,2,1,11,38,14,14,32,83,28,0.25,16,60,1,43,0,13,1,60,3,0,5,3,6,1.7142857142857095,0,5,3.0,1,1,1.0,1,0,0.0,0,1,1,1,120,0,1.0,1.0,0,1,1,0,0,0.0,NON
src/main/groovy/swing/binding/JTextComponentProperties.java,0,4,87,1,0,1,0,9,1,4,1,0,1,9,20,3,9,9,22,0,1,1,9,20,9,9,23,52,16,0.38,15,39,1,28,0,8,1,71,3,0,5,3,4,1.11111111111111,0,5,2.6666666666666696,1,1,1.0,1,0,0.0,0,1,1,1,12,62,1.0,1.0,0,1,1,0,0,0.0,NON
src/main/groovy/swing/impl/ClosureRenderer.java,1,4,129,2,0,1,0,17,1,4,0,0,1,15,18,1,15,17,35,0,9,2,14,37,17,15,35,88,34,0.2,23,69,2,51,0,15,1,80,1,0,1,3,6,1.9333333333333305,0,9,2.46666666666667,1,2,1.13333333333333,1,2,0.333333333333333,0,1,1,1,129,0,1.0,1.0,0,1,1,0,0,0.0,NON
src/main/org/codehaus/groovy/tools/javac/JavaAwareCompilationUnit.java,1,8,144,4,0,1,0,25,2,8,0,0,2,11,24,3,11,24,40,0,5,5,10,56,24,13,45,105,42,0.23,16,87,4,62,0,11,2,75,3,0,10,2,7,3.09090909090909,1,13,4.90909090909091,1,5,2.2727272727272703,1,5,1.5,0,2,2,1,12,4,0.958333333333333,1.0,0,1,1,1,0,0.0,NON
src/main/org/codehaus/groovy/tools/javac/JavaStubGenerator.java,21,14,571,12,0,1,0,133,4,17,0,0,4,29,30,2,29,120,105,3,5,15,5,322,120,41,124,450,254,0.07,92,378,12,268,2,29,5,90,1,0,20,2,11,4.51724137931035,0,23,6.448275862068971,0,241,15.448275862068998,1,4,1.625,0,8,8,1,70,164,0.9264448336252192,1.0,0,2,1,0,0,0.0,NON
src/main/org/codehaus/groovy/tools/LoaderConfiguration.java,6,9,333,10,0,2,6,50,3,14,0,3,3,15,129,1,15,44,58,0,3,11,9,107,44,25,60,168,82,0.77,36,142,10,97,1,15,3,88,1,0,1,1,6,3.06666666666667,1,8,3.6666666666666696,1,87,9.93333333333333,1,3,1.29411764705882,0,2,2,1,110,84,0.444444444444444,1.0,0,3,1,3,1,0.0178571428571428,NON
src/main/org/codehaus/groovy/tools/shell/util/Preferences.java,0,4,110,4,0,1,2,14,1,4,10,0,1,11,24,2,11,14,21,0,1,4,11,28,14,11,21,66,21,0.36,20,42,4,26,0,1,1,70,1,0,3,2,4,1.90909090909091,1,7,2.2727272727272703,1,5,1.3636363636363602,1,2,0.4285714285714289,0,3,3,1,22,6,1.0,1.0,0,1,1,0,0,0.0,NON
src/main/org/codehaus/groovy/transform/ASTTransformationCollectorCodeVisitor.java,0,11,97,7,0,2,0,10,3,12,0,1,3,4,32,1,4,10,20,1,2,7,3,30,10,7,21,56,17,0.57,9,38,7,25,0,4,3,37,3,0,10,1,4,2.5,1,15,5.0,1,17,5.0,1,4,2.0,0,3,3,1,135,38,1.0,1.0,0,1,1,0,0,0.0,NON
src/main/org/codehaus/groovy/transform/ASTTransformationVisitor.java,1,21,282,15,0,2,0,39,4,25,2,3,4,9,65,4,9,36,38,1,5,16,7,137,38,18,50,198,72,0.33,22,122,15,77,1,7,4,70,3,0,15,2,8,3.55555555555556,1,34,7.77777777777778,1,160,24.4444444444444,1,4,1.07142857142857,0,7,7,1,423,141,0.939716312056738,1.0,0,2,1,1,0,0.0,NON
src/main/org/codehaus/groovy/transform/CategoryASTTransformation.java,1,16,134,4,0,1,1,16,2,18,0,0,2,7,22,2,7,15,35,1,0,4,5,59,15,10,41,93,33,0.24,19,74,4,56,2,7,2,100,1,0,16,3,4,2.0,1,13,6.71428571428571,1,6,2.42857142857143,1,3,1.5,0,1,1,1,135,0,1.0,1.0,0,1,1,0,0,0.0,NON
src/main/org/codehaus/groovy/transform/DelegateASTTransformation.java,2,34,161,11,0,2,0,22,6,38,0,0,6,3,20,1,3,17,45,0,0,15,1,85,17,7,48,121,33,0.17,20,81,11,66,4,3,7,0,1,0,24,3,7,5.66666666666667,3,35,21.0,7,146,50.6666666666667,2,3,2.4,1,3,3,1,166,4,1.0,1.0,0,1,1,0,0,0.0,NON
src/main/org/codehaus/groovy/transform/ImmutableASTTransformation.java,40,8,519,9,0,1,16,87,2,9,3,0,2,42,38,1,42,76,160,0,0,10,2,296,76,45,155,419,141,0.09,62,296,9,210,0,39,2,96,1,0,35,3,12,4.59523809523809,2,29,6.80952380952381,1,68,3.64285714285714,1,2,0.5,0,6,6,1,568,49,1.0,1.0,0,1,1,0,1,0.0071599045346062,NON
src/main/org/codehaus/groovy/transform/LazyASTTransformation.java,5,17,162,4,0,1,1,14,2,19,0,0,2,6,20,1,6,12,43,0,0,6,1,86,12,6,41,118,30,0.17,24,71,4,58,2,6,2,50,1,0,24,3,11,6.33333333333333,2,21,12.333333333333302,4,6,2.3333333333333304,1,2,1.125,0,2,2,2,164,1,0.9938650306748472,0.5,0,1,2,1,1,0.0169491525423728,NON
src/main/org/codehaus/groovy/transform/NewifyASTTransformation.java,13,9,213,5,0,2,2,50,3,9,0,0,3,16,20,1,16,42,56,1,3,7,2,103,42,25,60,170,71,0.12,23,131,5,83,0,16,3,80,4,0,15,2,6,3.0625,1,10,4.5,0,12,3.125,1,3,1.33333333333333,0,1,1,1,214,0,1.0,1.0,0,1,1,0,0,0.0,NON
src/main/org/codehaus/groovy/transform/SingletonASTTransformation.java,3,15,123,4,0,2,0,13,3,17,0,1,3,4,25,1,4,10,40,0,0,6,1,48,10,6,40,84,17,0.3,14,57,4,47,1,4,3,0,1,0,25,3,9,5.75,1,20,11.0,4,6,3.5,1,2,1.33333333333333,0,4,4,1,149,25,1.0,1.0,0,1,1,0,0,0.0,NON
src/main/org/codehaus/groovy/util/AbstractConcurrentDoubleKeyMap.java,0,11,184,7,6,2,0,39,3,11,1,0,3,14,3,3,14,35,52,1,0,8,7,106,35,33,56,165,70,0.02,19,126,7,88,0,13,3,0,4,1,3,1,9,4.28571428571429,0,8,3.0,1,12,2.85714285714286,1,7,1.16666666666667,0,2,2,1,185,1,1.0,1.0,0,1,1,0,0,0.0,NON
src/main/org/codehaus/groovy/util/AbstractConcurrentMap.java,0,12,188,9,4,3,0,40,3,12,0,0,3,13,1,3,13,36,50,2,0,10,7,107,36,34,55,169,72,0.01,19,127,9,88,0,13,3,0,4,2,2,1,9,4.53846153846154,0,9,3.07692307692308,1,20,3.61538461538462,1,5,1.2173913043478302,0,2,2,1,244,56,1.0,1.0,0,1,1,0,0,0.0,NON
src/main/groovy/ui/text/TextEditor.java,0,10,553,4,0,1,13,56,2,12,1,1,2,30,76,7,30,52,155,2,11,5,28,235,52,30,144,389,138,0.2,88,282,4,231,1,29,2,94,2,0,6,3,21,3.06666666666667,0,27,5.5333333333333306,1,3,1.5,1,2,0.7105263157894741,0,1,1,1,9,2,0.9891500904159132,1.0,0,1,1,1,0,0.0,NON
src/main/org/codehaus/groovy/util/AbstractConcurrentMapBase.java,2,15,287,16,7,1,3,60,4,15,1,0,4,16,0,3,16,57,72,3,6,18,4,171,57,20,83,261,121,0.0,26,204,16,147,0,15,4,77,3,2,3,1,7,3.6875,1,6,2.4375,0,71,7.6875,1,7,2.2727272727272703,0,3,3,1,377,90,1.0,1.0,0,1,1,0,0,0.0,NON
src/main/groovy/util/AbstractFactory.java,0,2,61,1,0,1,0,8,1,3,0,0,1,8,23,1,8,8,13,0,0,1,8,4,8,8,12,26,4,0.88,12,16,1,7,0,8,1,0,1,2,2,2,0,0.0,0,1,0.5,0,1,1.0,1,5,0.454545454545455,0,1,1,1,1,1,0.6229508196721311,1.0,0,2,1,0,0,0.0,NON
src/main/org/codehaus/groovy/util/ComplexKeyHashMap.java,1,6,174,3,3,1,3,28,1,7,1,0,1,19,21,4,19,26,45,0,12,4,15,69,26,19,54,124,46,0.17,33,100,3,72,0,18,1,83,1,3,2,2,10,3.21052631578947,0,4,1.52631578947368,1,4,1.52631578947368,1,2,0.4583333333333329,0,1,1,1,174,0,1.0,1.0,0,1,1,0,0,0.0,NON
src/main/org/codehaus/groovy/util/ConcurrentSoftMap.java,0,3,77,1,0,1,0,16,1,3,0,0,1,15,0,4,15,15,23,2,3,2,13,18,15,15,23,59,18,0.0,18,41,1,22,0,15,1,64,5,2,3,2,5,1.73333333333333,0,4,1.6666666666666698,0,1,1.0,1,0,0.0,0,2,2,1,80,2,1.0,1.0,0,1,1,0,0,0.0,NON
src/main/org/codehaus/groovy/util/ConcurrentWeakMap.java,0,3,77,1,0,1,0,16,1,3,0,0,1,15,0,4,15,15,23,2,3,2,13,18,15,15,23,59,18,0.0,18,41,1,22,0,15,1,64,5,1,3,2,5,1.73333333333333,0,4,1.6666666666666698,0,1,1.0,1,0,0.0,0,2,2,1,82,4,1.0,1.0,0,1,1,0,0,0.0,NON
src/main/org/codehaus/groovy/util/DoubleKeyHashMap.java,1,9,90,4,0,2,0,18,2,10,0,0,2,6,15,2,6,14,20,0,2,5,5,38,14,12,21,61,30,0.25,14,51,4,37,1,6,3,0,2,0,2,1,8,5.83333333333333,1,8,4.5,1,5,2.5,1,3,1.44444444444444,0,1,1,1,90,0,1.0,1.0,0,1,1,0,0,0.0,NON
src/main/org/codehaus/groovy/util/FastArray.java,0,4,130,3,0,1,1,26,1,4,0,0,1,20,15,2,20,26,32,0,2,3,20,45,26,20,34,93,36,0.16,22,70,3,44,0,20,1,62,1,0,1,2,19,5.1,0,4,2.0,1,3,1.25,1,1,0.260869565217391,0,1,1,1,130,0,0.961538461538462,1.0,0,1,1,1,0,0.0,NON
src/main/org/codehaus/groovy/util/FinalizableRef.java,0,5,96,3,0,1,3,17,1,5,0,0,1,13,6,7,13,17,31,0,0,3,13,30,17,13,31,75,19,0.08,16,50,3,28,0,13,1,100,3,3,1,2,5,1.53846153846154,0,5,1.61538461538462,0,3,1.3076923076923102,1,2,0.4,0,4,4,1,102,6,1.0,1.0,0,1,1,0,0,0.0,NON
src/main/org/codehaus/groovy/util/HashCodeHelper.java,1,3,111,2,0,1,2,29,2,3,18,0,2,18,20,1,18,29,23,0,0,2,17,30,29,18,23,70,38,0.29,21,61,2,32,0,0,2,94,1,0,0,1,15,3.22222222222222,1,4,3.11111111111111,1,2,1.55555555555556,1,1,0.6,0,1,1,1,111,0,1.0,1.0,0,1,1,0,0,0.0,NON
src/main/groovy/util/Factory.java,0,1,89,1,9,1,0,9,1,5,0,4,1,9,63,1,9,9,14,0,0,1,0,0,9,9,13,15,0,4.2,11,13,1,12,0,9,1,0,0,1,2,0,1,1.0,1,1,0.555555555555556,0,1,1.0,1,0,0.0,0,2,2,2,5,5,0.6179775280898879,0.5,0,2,2,1,0,0.0,NON
src/main/groovy/util/FactoryBuilderSupport.java,6,6,1193,14,0,1,12,174,2,11,3,4,2,92,416,3,92,166,168,18,16,16,68,385,166,111,175,666,291,0.62,114,466,14,287,0,89,2,94,3,1,11,2,15,3.5326086956521703,0,27,3.14130434782609,0,866,11.25,1,4,0.666666666666667,0,10,10,2,573,385,0.664710813076278,0.8,0,2,2,0,0,0.0,NON
src/main/org/codehaus/groovy/util/LazyReference.java,1,5,34,2,0,1,0,5,1,5,0,0,1,4,3,1,4,5,9,0,1,2,3,12,5,4,9,25,9,0.12,6,18,2,12,0,4,1,25,3,2,0,1,3,1.5,1,5,2.25,1,2,1.25,1,1,0.5714285714285711,0,2,2,1,39,5,1.0,1.0,0,1,1,0,0,0.0,NON
src/main/org/codehaus/groovy/util/LazySoftReference.java,1,5,76,2,0,1,0,17,2,6,0,0,2,9,3,2,9,14,21,1,1,3,7,30,14,9,21,60,23,0.05,13,44,2,28,0,9,2,28,3,7,1,1,8,2.1111111111111103,0,7,2.44444444444444,1,2,1.55555555555556,1,2,0.7142857142857142,0,2,2,1,78,2,1.0,1.0,0,1,1,0,0,0.0,NON
src/main/org/codehaus/groovy/util/LockableObject.java,0,7,54,4,0,2,0,12,2,7,0,0,2,5,3,1,5,11,13,3,1,4,2,25,11,8,13,44,20,0.07,7,33,4,21,0,5,2,19,2,3,0,1,10,5.0,1,6,3.8,1,4,2.4,1,2,1.14285714285714,0,1,1,1,54,0,1.0,1.0,0,1,1,0,0,0.0,NON
src/main/groovy/util/GroovyScriptEngine.java,3,11,413,7,0,2,1,56,2,17,1,4,2,23,134,4,23,51,72,1,7,8,19,146,51,35,75,240,101,0.56,41,176,7,127,0,22,2,87,1,0,7,2,11,3.39130434782609,1,14,4.65217391304348,1,12,2.6956521739130404,1,4,0.9642857142857142,0,2,2,1,8,6,0.559322033898305,1.0,0,3,1,4,1,0.0125,IL
src/main/org/codehaus/groovy/util/SingleKeyHashMap.java,0,9,158,4,1,2,0,30,2,10,1,0,2,12,15,3,12,26,39,0,1,5,11,80,26,20,42,118,63,0.13,25,105,4,80,1,11,3,0,2,2,3,1,14,6.91666666666667,1,9,4.41666666666667,1,5,2.3333333333333304,1,3,1.125,0,1,1,1,158,0,1.0,1.0,0,1,1,0,0,0.0,NON
src/main/org/codehaus/groovy/util/SoftDoubleKeyMap.java,0,3,108,1,0,1,0,20,1,3,0,0,1,17,15,5,17,17,29,2,6,3,15,23,17,17,29,74,23,0.2,19,52,1,30,0,17,1,53,5,1,3,2,6,2.11764705882353,0,6,1.7647058823529398,0,1,1.0,1,0,0.0,0,1,1,1,108,0,1.0,1.0,0,1,1,0,0,0.0,NON
src/main/org/codehaus/groovy/util/TripleKeyHashMap.java,0,9,83,4,0,2,0,18,3,11,0,0,3,5,15,2,5,13,17,0,3,5,5,36,13,11,18,56,30,0.27,12,48,4,35,1,5,4,0,2,0,2,1,10,7.0,1,13,5.4,1,5,2.8,1,3,1.625,0,1,1,1,83,0,1.0,1.0,0,1,1,0,0,0.0,NON
src/main/org/codehaus/groovy/vmplugin/v5/Java5.java,22,10,341,9,0,1,1,74,3,10,0,0,3,26,21,1,26,65,110,0,0,9,4,194,74,36,123,283,141,0.07,37,264,7,200,0,26,3,96,1,0,16,2,19,4.19230769230769,1,27,5.846153846153849,1,16,3.42307692307692,1,5,1.06896551724138,0,5,5,2,281,37,0.997067448680352,0.8,0,1,2,1,0,0.0,NON
src/test/gls/annotations/vm5/JavaAnnotation.java,0,1,24,1,1,1,0,1,1,1,0,1,1,1,16,1,1,1,6,0,0,1,0,0,1,1,5,7,0,2.29,2,5,1,4,0,1,1,0,0,0,0,0,0,0.0,0,1,1.0,1,1,1.0,1,0,0.0,0,1,1,1,24,0,1.0,1.0,0,1,1,0,0,0.0,NON
src/main/groovy/util/ObservableList.java,0,5,520,7,0,1,9,121,2,5,0,0,2,62,48,10,62,97,126,0,10,10,62,194,107,62,130,388,138,0.12,84,268,7,166,0,62,2,59,3,6,9,2,18,2.90322580645161,0,12,2.98387096774194,1,9,1.8225806451612905,1,4,0.547945205479452,0,2,2,1,1042,0,1.0,1.0,0,1,1,0,0,0.0,NON
src/main/groovy/util/ObservableMap.java,0,6,338,11,0,1,9,72,2,6,0,0,2,35,43,7,35,59,76,0,6,13,35,134,67,35,77,248,93,0.17,47,170,11,105,0,35,2,60,3,5,7,2,15,3.14285714285714,0,20,2.9142857142857097,1,25,2.31428571428571,1,5,0.627906976744186,0,5,5,1,331,26,0.875739644970414,1.0,0,2,1,0,0,0.0,NON
src/test/gls/ch06/s05/testClasses/Tt1cgi.java,0,3,52,1,0,1,0,5,1,3,0,0,1,5,19,1,5,5,11,0,1,1,5,6,5,5,11,22,5,0.86,11,16,1,10,0,5,1,0,2,1,3,2,5,3.6,1,2,1.4,1,1,1.0,1,0,0.0,0,1,1,1,1,1,0.653846153846154,1.0,0,2,1,1,0,0.0,NON
src/main/groovy/util/ProxyGenerator.java,12,10,474,23,0,1,1,107,3,11,1,0,3,35,43,2,35,94,99,0,4,30,23,249,94,52,114,375,193,0.11,56,307,23,215,0,34,3,93,1,0,11,2,12,3.7714285714285696,1,31,4.45714285714286,1,460800,13414.1142857143,1,3,0.736842105263158,0,4,4,2,52,53,0.976793248945148,0.75,0,1,2,1,1,0.0106666666666666,NON
src/test/gls/ch06/s05/testClasses/Tt1gi.java,0,4,61,2,0,1,0,7,1,4,0,0,1,5,19,1,5,7,12,0,1,2,5,12,7,5,12,31,9,0.61,11,21,2,13,0,5,1,0,2,1,3,3,5,3.6,1,3,1.8,1,2,1.4,1,1,0.5714285714285711,0,1,1,1,1,1,0.590163934426229,1.0,0,2,1,1,0,0.0,NON
src/main/groovy/util/slurpersupport/Node.java,4,10,317,8,0,1,0,55,2,12,2,0,2,23,36,5,23,50,65,2,8,11,17,140,50,28,71,226,88,0.16,61,159,8,109,1,21,2,78,1,0,5,2,11,3.52173913043478,0,15,3.7391304347826098,0,10,2.30434782608696,1,5,1.20689655172414,0,0,0,0,0,0,0.996845425867508,0.0,0,1,0,1,0,0.0,NON
src/main/groovy/util/slurpersupport/NodeChild.java,0,4,154,2,0,1,0,28,1,5,0,0,1,24,19,3,24,28,29,3,3,2,21,47,28,24,37,105,33,0.18,30,70,2,41,0,24,1,33,3,0,5,2,8,1.9166666666666696,0,4,1.5833333333333302,0,2,1.08333333333333,1,1,0.285714285714286,0,1,1,1,4,0,0.6688311688311689,1.0,0,2,1,2,0,0.0,NON
src/main/groovy/util/XmlNodePrinter.java,4,8,356,9,0,1,0,66,2,9,0,1,2,29,56,2,29,60,58,10,4,9,15,156,64,36,61,258,133,0.22,42,194,6,135,0,29,2,72,1,1,5,1,7,3.13793103448276,0,14,3.62068965517241,1,32,3.1724137931034497,1,4,0.90625,0,4,4,1,28,8,0.51123595505618,1.0,0,2,1,1,1,0.0193798449612403,NON
src/main/groovy/xml/dom/DOMCategory.java,19,6,395,7,0,1,1,96,2,6,39,0,2,46,19,3,46,92,93,0,2,9,27,175,92,66,100,324,146,0.06,52,246,7,152,0,7,2,97,1,0,5,2,10,2.60869565217391,0,13,3.978260869565221,2,8,2.15217391304348,1,3,0.862745098039216,0,4,4,1,7,7,0.924242424242424,1.0,0,1,1,2,1,0.0277777777777777,NON
src/test/groovy/inspect/InspectorTest.java,6,8,248,4,0,1,1,34,1,8,0,0,1,24,9,3,24,34,111,0,2,4,18,142,34,28,112,213,73,0.04,28,185,4,149,0,24,1,100,2,0,6,2,8,2.1666666666666696,0,10,3.9166666666666696,1,4,1.4166666666666698,1,2,0.4642857142857139,0,2,2,1,2,2,0.550200803212851,1.0,0,2,1,3,0,0.0,NON
src/main/groovy/xml/DOMBuilder.java,0,7,203,5,0,1,0,25,2,10,4,2,2,14,61,1,14,25,51,7,2,5,7,62,25,14,52,119,39,0.51,23,91,5,68,0,10,2,78,3,0,2,1,4,2.42857142857143,0,12,4.57142857142857,1,7,1.92857142857143,1,3,0.941176470588235,0,1,1,1,44,2,0.5024630541871921,1.0,0,4,1,0,0,0.0,NON
src/main/groovy/xml/MarkupBuilder.java,5,8,450,22,0,1,0,79,3,13,0,4,2,28,142,1,28,57,49,10,7,22,13,174,72,28,50,265,138,0.54,43,188,11,136,0,28,3,86,3,0,1,1,10,2.32142857142857,0,15,2.78571428571429,0,18,2.75,1,3,0.566666666666667,0,2,2,1,24,20,0.2844444444444439,1.0,0,6,1,1,1,0.0037735849056603,NON
src/test/groovy/lang/CharacterRangeTest.java,0,4,64,2,0,1,0,5,1,7,0,3,1,4,29,1,4,5,12,1,3,2,3,11,5,4,13,25,8,1.16,10,21,2,15,0,4,1,16,2,0,1,1,3,2.25,2,4,2.75,2,2,1.25,1,1,0.5,0,2,2,1,5,5,1.0,1.0,0,1,1,0,0,0.0,NON
src/main/groovy/xml/streamingmarkupsupport/Builder.java,1,7,74,3,0,1,0,7,2,9,1,0,2,4,15,2,4,7,24,0,3,3,3,21,7,4,24,43,10,0.35,16,34,3,26,1,3,2,66,2,1,1,1,5,2.75,0,9,5.75,1,3,1.75,1,2,1.0,0,0,0,0,0,0,0.77027027027027,0.0,0,2,0,1,0,0.0,NON
src/test/groovy/lang/GStringTest.java,0,7,96,1,0,1,0,6,1,7,0,0,1,6,39,1,6,6,24,0,0,1,6,31,6,6,24,48,17,0.81,9,41,1,34,0,6,1,0,3,0,3,1,0,0.0,0,9,6.5,4,1,1.0,1,0,0.0,0,0,0,0,0,0,0.833333333333333,0.0,0,2,0,0,0,0.0,NON
src/test/groovy/lang/LongRangeTest.java,0,3,73,1,0,1,0,3,1,5,0,2,1,3,47,1,3,3,5,2,0,1,1,3,3,3,5,12,3,3.92,14,8,1,4,0,3,1,0,3,0,2,1,2,1.33333333333333,1,3,2.0,1,1,1.0,1,0,0.0,0,2,2,1,6,0,1.0,1.0,0,1,1,0,0,0.0,NON
src/main/org/codehaus/groovy/ant/Groovy.java,6,11,559,11,0,1,2,74,3,16,2,4,3,26,161,1,26,69,109,4,12,14,16,214,69,28,114,341,150,0.47,57,264,11,196,0,24,3,89,2,0,13,1,13,3.03846153846154,1,32,5.53846153846154,1,576,29.5,1,3,0.9285714285714292,0,3,3,1,426,124,0.463327370304114,1.0,0,4,1,2,0,0.0,NON
src/main/org/codehaus/groovy/ant/Groovyc.java,0,8,862,41,0,1,0,135,2,14,0,5,2,49,307,1,49,114,139,8,25,57,41,277,114,53,149,472,204,0.65,85,353,41,245,0,49,3,94,2,0,7,1,24,2.04081632653061,0,52,3.20408163265306,1,8553601,174565.163265306,1,5,0.647058823529412,0,2,2,1,123,72,0.421113689095128,1.0,0,3,1,7,1,0.0021186440677966,NON
src/main/org/codehaus/groovy/antlr/AntlrASTProcessSnippets.java,1,11,93,7,0,1,0,13,3,19,0,7,3,3,43,1,3,10,13,0,0,10,2,23,10,3,13,40,18,1.07,11,31,7,20,1,3,4,0,1,0,2,2,4,2.3333333333333304,1,13,6.33333333333333,1,17,6.66666666666667,1,4,2.6,0,2,2,1,31,38,0.623655913978495,1.0,0,2,1,1,0,0.0,NON
src/main/org/codehaus/groovy/antlr/AntlrParserPlugin.java,13,18,2719,100,0,1,0,544,4,21,4,1,3,115,167,2,115,345,567,97,3,100,5,1655,505,147,583,2154,1041,0.08,407,1624,19,1289,2,111,5,94,2,0,92,3,142,8.38260869565217,1,44,8.49565217391304,1,2560,41.33043478260871,1,4,1.05932203389831,0,27,27,4,166,100,0.541375505700625,0.5185185185185179,1,4,3,8,1,0.0027855153203342,NON
src/main/org/codehaus/groovy/antlr/GroovySourceAST.java,0,5,164,7,0,1,0,30,2,5,0,0,2,18,23,1,18,30,35,0,5,7,18,55,30,26,35,114,49,0.2,27,84,7,53,0,18,2,77,2,0,0,3,15,4.05555555555556,1,9,2.6666666666666696,1,7,1.72222222222222,1,2,0.5,0,4,4,2,22,2,0.835365853658537,0.5,0,2,2,2,0,0.0,NON
src/main/org/codehaus/groovy/antlr/GroovySourceToken.java,0,3,98,1,0,1,0,12,1,4,0,1,1,12,33,1,12,12,20,0,5,1,12,17,12,12,20,49,12,0.67,16,32,1,19,0,12,1,76,2,0,0,2,5,1.4166666666666698,1,2,1.08333333333333,1,1,1.0,1,0,0.0,0,2,2,1,196,0,1.0,1.0,0,1,1,0,0,0.0,NON
src/main/org/codehaus/groovy/antlr/Main.java,0,20,193,10,0,2,3,25,5,30,4,8,5,5,62,2,5,24,32,0,0,10,5,73,24,9,33,116,57,0.53,19,90,10,65,1,1,5,50,1,0,2,2,7,3.8,0,13,8.0,3,10,4.8,1,4,2.375,0,0,0,0,0,0,0.7564766839378241,0.0,0,4,0,0,0,0.0,NON
src/main/org/codehaus/groovy/antlr/SourceInfo.java,0,1,44,1,0,1,0,8,1,5,0,4,1,8,32,1,8,8,10,0,0,1,8,0,8,8,10,11,0,2.91,1,10,1,9,0,8,1,0,0,2,0,0,1,0.25,0,1,0.5,0,1,1.0,1,0,0.0,0,2,2,1,88,0,1.0,1.0,0,1,1,0,0,0.0,NON
src/main/org/codehaus/groovy/antlr/treewalker/NodePrinter.java,0,5,50,2,0,1,0,3,2,8,0,2,2,2,26,1,2,3,8,0,2,2,2,6,3,2,8,18,5,1.44,6,13,2,9,0,2,2,0,2,0,1,1,5,4.0,3,3,2.5,2,2,1.5,1,1,0.75,0,0,0,0,0,0,0.92,0.0,0,2,0,0,0,0.0,NON
src/test/org/codehaus/groovy/ant/GroovycTest.java,5,5,214,4,0,1,1,39,1,5,0,0,1,27,26,1,27,39,44,1,3,4,21,80,39,27,44,156,63,0.17,33,107,4,68,0,27,1,91,3,0,0,1,19,1.51851851851852,0,11,2.07407407407407,1,6,1.6666666666666698,1,2,0.3793103448275859,0,2,2,2,28,5,0.7663551401869159,0.5,0,3,2,0,0,0.0,NON
src/main/org/codehaus/groovy/ast/ClassNode.java,5,7,1286,14,0,1,3,264,2,9,0,1,2,108,283,2,108,238,267,2,30,14,101,505,238,160,279,862,415,0.33,141,694,14,440,0,108,2,96,3,3,24,2,105,9.75,1,17,3.73148148148148,1,33,3.1203703703703702,1,7,0.9009009009009008,0,24,24,5,531,385,0.377138413685848,0.333333333333333,0,4,5,7,1,0.0069605568445475,NON
src/main/org/codehaus/groovy/ast/CompileUnit.java,0,5,175,5,1,1,0,25,2,7,0,1,2,15,48,1,15,23,44,0,7,7,14,53,23,15,46,106,38,0.45,21,84,5,62,0,15,2,82,1,0,10,1,6,3.2,1,17,3.46666666666667,1,8,1.73333333333333,1,3,0.7647058823529409,0,1,1,1,1,1,0.485714285714286,1.0,0,3,1,4,0,0.0,NON
src/test/org/codehaus/groovy/antlr/treewalker/LineColumnTest.java,0,11,63,1,0,1,0,2,1,11,0,0,1,2,23,1,2,2,22,0,0,1,2,18,2,2,22,35,7,0.66,5,29,1,26,0,2,1,0,2,0,7,1,2,1.0,0,12,6.5,1,1,1.0,1,0,0.0,0,1,1,1,1,1,0.984126984126984,1.0,0,1,1,1,0,0.0,NON
src/main/org/codehaus/groovy/ast/expr/AttributeExpression.java,0,3,47,1,0,1,0,4,1,3,0,0,1,4,21,1,4,4,8,0,0,1,4,7,4,4,8,19,6,1.11,7,14,1,9,0,4,1,0,4,0,2,1,6,2.5,1,9,3.5,1,1,1.0,1,0,0.0,0,2,2,1,5,3,0.51063829787234,1.0,0,4,1,0,0,0.0,NON
src/test/org/codehaus/groovy/antlr/treewalker/NodePrinterTest.java,2,4,41,1,0,1,0,6,1,4,0,0,1,6,3,1,6,6,11,1,0,1,3,12,6,6,11,29,6,0.1,9,17,1,10,0,6,1,0,2,0,2,1,5,1.6666666666666698,0,2,1.6666666666666698,1,1,1.0,1,0,0.0,0,0,0,0,0,0,1.0,0.0,0,1,0,0,0,0.0,NON
src/test/org/codehaus/groovy/antlr/treewalker/UnimplementedSyntaxTest.java,1,3,242,2,0,1,0,51,2,4,0,1,2,29,111,1,29,51,36,0,0,2,28,54,51,29,36,118,74,0.94,34,110,2,58,0,29,2,0,3,0,4,1,30,1.03448275862069,0,4,2.8275862068965503,2,2,1.75862068965517,1,1,0.7741935483870971,0,1,1,1,0,9,0.793388429752066,1.0,0,3,1,1,0,0.0,NON
src/test/org/codehaus/groovy/ast/LineColumnChecker.java,2,5,459,8,0,1,0,77,1,5,0,0,1,57,37,2,57,77,125,7,5,8,48,170,77,57,134,354,157,0.1,68,291,8,216,0,57,1,96,3,0,51,1,45,2.24561403508772,0,18,2.98245614035088,0,64,2.3333333333333304,1,3,0.3666666666666671,0,17,17,3,946,26,0.9956427015250552,0.823529411764706,0,1,3,2,0,0.0,NON
src/main/org/codehaus/groovy/ast/expr/DeclarationExpression.java,1,4,80,4,0,1,0,12,1,4,0,0,1,9,24,1,9,12,17,0,0,4,8,20,12,9,17,45,17,0.53,11,34,4,21,0,9,1,0,4,0,7,1,8,3.11111111111111,1,7,2.88888888888889,1,4,1.33333333333333,1,2,0.545454545454545,0,2,2,1,32,4,0.825,1.0,0,2,1,0,0,0.0,NON
src/main/org/codehaus/groovy/ast/expr/MethodCallExpression.java,0,4,168,2,0,1,1,22,1,5,0,1,1,21,46,1,21,22,36,0,6,2,21,41,22,21,35,97,30,0.47,25,65,2,42,0,21,1,80,3,0,6,1,25,5.80952380952381,0,7,1.7142857142857095,0,2,1.04761904761905,1,1,0.130434782608696,0,3,3,2,11,5,0.505952380952381,0.666666666666667,0,5,2,3,0,0.0,NON
src/test/org/codehaus/groovy/classgen/JO.java,0,5,28,2,1,1,1,4,2,7,1,2,2,2,4,1,2,3,10,0,0,3,1,5,3,2,10,19,5,0.21,5,15,2,11,0,1,2,50,1,0,2,1,2,1.0,0,4,2.5,1,2,1.5,1,1,0.75,0,5,5,1,7,7,1.0,1.0,0,1,1,0,0,0.0,NON
src/test/org/codehaus/groovy/classgen/PropertyTest.java,0,11,110,1,0,1,0,3,1,15,0,0,1,3,40,1,3,3,18,0,0,1,3,29,3,3,18,43,21,0.93,27,39,1,35,3,3,1,0,4,0,4,1,7,5.0,4,10,8.0,5,1,1.0,1,0,0.0,0,0,0,0,0,0,0.845454545454545,0.0,0,2,0,1,0,0.0,NON
src/main/org/codehaus/groovy/ast/FieldNode.java,0,3,148,2,0,1,0,25,1,3,1,0,1,23,30,1,23,24,38,0,8,3,23,34,24,23,38,93,32,0.32,25,70,2,45,0,22,1,86,3,0,3,3,38,7.82608695652174,0,8,1.69565217391304,1,2,1.04347826086957,1,1,0.12,0,6,6,3,25,4,0.47972972972973,0.666666666666667,0,4,3,4,0,0.0,NON
src/main/org/codehaus/groovy/ast/InnerClassNode.java,0,3,57,1,0,1,0,4,1,6,0,3,1,4,34,1,4,4,7,0,1,1,4,5,4,4,7,17,5,2.0,6,12,1,7,0,4,1,25,4,0,3,1,8,4.75,1,3,2.0,1,1,1.0,1,0,0.0,0,2,2,1,2,2,0.6491228070175439,1.0,0,3,1,2,0,0.0,NON
src/main/org/codehaus/groovy/ast/MethodNode.java,0,4,212,4,0,1,0,38,1,4,0,0,1,28,32,1,28,37,52,0,11,5,28,69,37,28,54,148,63,0.22,33,117,4,79,0,28,1,88,3,1,7,2,42,9.928571428571429,1,10,2.0,1,4,1.32142857142857,1,3,0.466666666666667,0,5,5,2,15,9,0.471698113207547,0.8,0,3,2,8,1,0.0067567567567567,NON
src/main/org/codehaus/groovy/ast/MixinASTTransformation.java,0,44,88,10,0,7,1,10,10,53,0,0,10,1,15,1,1,10,25,0,0,10,1,37,10,7,25,59,18,0.25,14,43,10,33,9,1,10,0,1,0,16,2,6,6.0,6,17,17.0,17,28,28.0,28,3,3.0,3,3,3,2,24,10,0.7727272727272729,0.666666666666667,0,2,2,0,0,0.0,NON
src/test/org/codehaus/groovy/classgen/TestSupport.java,0,7,210,3,0,1,1,16,1,8,0,0,1,13,52,3,13,16,63,11,4,3,2,64,16,15,63,120,32,0.43,38,95,3,78,0,13,1,90,3,27,15,2,49,9.0,1,8,4.769230769230769,2,3,1.23076923076923,1,2,0.411764705882353,0,0,0,0,0,0,0.795238095238095,0.0,0,2,0,3,0,0.0,NON
src/test/org/codehaus/groovy/classgen/TupleListTest.java,0,12,123,2,0,1,0,5,1,13,0,0,1,4,40,1,4,5,23,1,0,2,3,38,5,4,23,60,29,0.67,23,52,2,46,1,4,1,0,4,0,20,1,13,3.25,0,24,9.0,4,2,1.25,1,1,0.5,0,0,0,0,0,0,0.8861788617886179,0.0,0,2,0,1,0,0.0,NON
src/test/org/codehaus/groovy/classgen/VerifierCodeVisitorTest.java,0,6,57,2,0,1,0,5,1,6,0,0,1,4,20,1,4,5,9,2,0,2,2,16,5,4,9,32,15,0.62,5,24,2,18,0,4,1,0,2,0,3,1,3,1.25,0,3,1.5,1,2,1.25,1,1,0.5,0,1,1,1,0,1,1.0,1.0,0,1,1,0,0,0.0,NON
src/main/org/codehaus/groovy/ast/PropertyNode.java,0,3,131,1,0,1,0,22,1,3,0,0,1,22,21,1,22,22,35,0,5,1,22,26,22,22,32,84,25,0.25,26,57,1,34,0,22,1,80,3,0,4,3,18,5.13636363636364,0,5,1.59090909090909,1,1,1.0,1,0,0.0,0,7,7,3,26,6,0.4122137404580149,0.5714285714285711,0,4,3,3,0,0.0,NON
src/test/org/codehaus/groovy/reflection/utils/PojoCalleTestClass.java,0,3,33,1,0,1,0,2,1,3,1,0,1,2,21,1,2,2,5,0,0,1,2,2,2,2,5,9,2,2.33,3,7,1,4,0,1,1,0,1,0,1,1,0,0.0,0,2,2.0,2,1,1.0,1,0,0.0,0,1,1,1,34,0,1.0,1.0,0,1,1,0,0,0.0,NON
src/main/org/codehaus/groovy/ast/stmt/CatchStatement.java,0,3,59,1,0,1,0,6,1,3,0,0,1,6,21,1,6,6,13,0,2,1,6,7,6,6,13,27,7,0.78,11,20,1,13,0,6,1,50,3,0,3,1,4,3.1666666666666696,2,3,1.5,1,1,1.0,1,0,0.0,0,1,1,1,5,0,0.559322033898305,1.0,0,4,1,0,0,0.0,NON
src/main/org/codehaus/groovy/ast/stmt/IfStatement.java,0,3,67,1,0,1,0,8,1,3,0,0,1,8,21,1,8,8,15,0,3,1,8,10,8,8,15,34,10,0.62,12,25,1,16,0,8,1,62,3,0,2,1,23,5.5,1,4,1.375,1,1,1.0,1,0,0.0,0,2,2,2,9,1,0.626865671641791,0.5,0,3,2,2,0,0.0,NON
src/main/org/codehaus/groovy/ast/stmt/SynchronizedStatement.java,0,3,56,1,0,1,0,6,1,3,0,0,1,6,21,1,6,6,12,0,2,1,6,7,6,6,12,26,7,0.81,9,19,1,12,0,6,1,50,3,0,2,1,6,3.1666666666666696,1,3,1.33333333333333,1,1,1.0,1,0,0.0,0,1,1,1,4,0,0.6428571428571429,1.0,0,4,1,0,0,0.0,NON
src/main/org/codehaus/groovy/ast/stmt/TryCatchStatement.java,0,3,78,2,0,1,0,11,1,3,0,0,1,9,24,1,9,10,17,0,3,3,9,13,10,9,17,40,12,0.6,14,29,2,18,0,9,1,66,3,0,2,1,4,3.0,1,3,1.44444444444444,1,2,1.11111111111111,1,1,0.272727272727273,0,1,1,1,8,0,0.7307692307692311,1.0,0,3,1,0,0,0.0,NON
src/main/org/codehaus/groovy/binding/BindingProxy.java,0,7,155,3,0,1,0,23,2,7,0,0,2,12,36,2,12,23,28,0,4,3,12,44,23,12,34,99,40,0.36,20,74,3,37,0,12,2,60,2,0,4,2,4,2.25,1,6,2.4166666666666696,1,4,2.0,1,2,0.933333333333333,0,1,1,1,155,0,1.0,1.0,0,1,1,0,0,0.0,NON
src/main/org/codehaus/groovy/binding/BindPath.java,1,17,235,7,0,1,2,37,5,23,0,5,5,7,72,1,7,35,38,0,7,8,6,83,35,10,39,144,66,0.5,20,105,7,66,0,7,5,68,1,0,9,1,9,6.142857142857139,4,15,6.0,4,24,9.285714285714288,4,3,2.6666666666666696,2,1,1,1,235,0,1.0,1.0,0,1,1,0,0,0.0,NON
src/main/org/codehaus/groovy/binding/ClosureTriggerBinding.java,1,10,163,7,1,1,1,25,2,11,0,0,2,12,22,5,12,25,45,0,3,7,10,72,25,12,49,124,51,0.18,17,100,7,69,0,12,2,50,2,0,9,3,6,2.0,0,19,4.83333333333333,1,22,4.16666666666667,1,3,0.7777777777777779,0,1,1,1,163,0,1.0,1.0,0,1,1,0,0,0.0,NON
src/main/org/codehaus/groovy/binding/EventTriggerBinding.java,0,4,85,2,0,1,0,12,1,4,0,0,1,11,20,3,11,12,18,0,3,2,11,19,12,11,19,50,17,0.4,15,36,2,22,0,11,1,50,2,0,5,2,4,1.54545454545455,0,4,1.54545454545455,0,2,1.09090909090909,1,1,0.2,0,1,1,1,4,1,1.0,1.0,0,1,1,0,0,0.0,NON
src/main/org/codehaus/groovy/binding/PropertyChangeProxyTargetBinding.java,0,4,38,1,0,1,0,2,1,4,0,0,1,2,15,1,2,2,10,0,3,1,2,5,2,2,10,18,4,0.83,5,14,1,11,0,2,1,0,1,0,1,2,4,4.0,4,4,3.0,2,1,1.0,1,0,0.0,0,1,1,1,38,0,1.0,1.0,0,1,1,0,0,0.0,NON
src/main/org/codehaus/groovy/binding/PropertyPathFullBinding.java,0,6,75,3,0,1,0,9,2,7,0,0,2,4,29,1,4,9,14,0,3,3,4,16,9,4,17,37,15,0.78,9,32,3,19,0,4,2,25,2,0,1,2,4,2.75,1,5,3.0,1,3,2.25,2,2,1.5,1,1,1,1,75,0,1.0,1.0,0,1,1,0,0,0.0,NON
src/test/UberTestCaseGroovySourceSubPackages.java,0,7,39,2,0,1,2,2,2,7,1,2,2,1,25,1,1,2,11,0,0,2,1,7,2,1,10,15,2,1.67,2,12,2,10,0,0,2,0,2,0,1,1,2,2.0,2,5,5.0,5,1,1.0,1,0,0.0,0,18,18,2,257,253,0.7692307692307689,0.944444444444444,0,3,2,2,0,0.0,NON
src/main/org/codehaus/groovy/classgen/AnnotationVisitor.java,3,10,232,13,0,2,0,45,3,11,0,0,3,15,33,1,15,45,48,7,4,13,5,110,45,25,51,173,80,0.19,26,131,13,87,0,15,3,80,1,0,19,1,13,5.06666666666667,2,18,6.33333333333333,1,13,3.06666666666667,1,5,1.27777777777778,0,3,3,1,50,50,0.4655172413793099,1.0,0,4,1,0,0,0.0,NON
src/main/org/codehaus/groovy/classgen/AsmClassGenerator.java,60,15,4464,44,2,1,58,786,3,18,13,1,3,218,482,22,218,617,844,50,33,44,106,2592,686,305,874,3399,1777,0.14,618,2651,18,2063,1,205,4,97,4,0,96,2,54,6.10091743119266,0,45,7.44495412844037,0,390,9.23853211009174,1,4,0.8962655601659749,0,22,22,3,754,524,0.2901635671073269,0.454545454545455,0,4,3,5,1,0.0026478375992939,NON
src/main/org/codehaus/groovy/classgen/ClassCompletionVerifier.java,22,8,329,7,0,2,0,87,3,8,0,0,3,31,17,1,31,81,83,1,2,9,8,167,81,55,92,277,149,0.06,35,241,7,166,0,31,3,80,3,0,16,1,12,3.4193548387096806,1,13,5.48387096774194,1,19,3.25806451612903,1,3,1.06060606060606,0,2,2,1,2,2,0.5197568389057751,1.0,0,3,1,1,1,0.0072202166064981,IL
src/main/org/codehaus/groovy/classgen/ExtendedVerifier.java,1,7,152,6,0,1,1,20,2,8,0,0,2,11,30,1,11,20,35,3,2,6,7,49,20,13,37,94,34,0.32,28,71,6,51,1,11,2,72,1,0,18,2,8,3.09090909090909,0,18,5.0,0,18,2.90909090909091,1,2,0.615384615384615,0,1,1,1,9,10,0.598684210526316,1.0,0,4,1,0,1,0.0319148936170212,NON
src/main/org/codehaus/groovy/classgen/Variable.java,1,3,138,1,0,1,2,19,1,3,0,0,1,19,31,1,19,19,36,0,10,1,18,31,19,19,36,83,27,0.37,24,63,1,43,0,19,1,87,1,0,2,1,10,3.15789473684211,0,6,1.68421052631579,1,1,1.0,1,0,0.0,0,0,0,0,0,0,0.471014492753623,0.0,0,5,0,1,0,0.0,NON
src/main/org/codehaus/groovy/classgen/VariableScopeVisitor.java,12,11,509,17,1,2,0,104,3,14,0,1,3,29,75,2,29,87,107,2,11,27,14,247,87,58,114,362,208,0.21,72,322,17,237,1,29,4,86,3,0,28,1,14,3.75862068965517,1,23,6.72413793103448,1,1951,70.448275862069,1,4,1.03125,0,1,1,1,14,6,0.660117878192534,1.0,0,3,1,2,1,0.005524861878453,NON
src/main/org/codehaus/groovy/classgen/Verifier.java,18,17,1080,15,1,2,6,215,3,19,2,0,3,59,77,16,59,186,227,14,4,17,26,654,186,113,253,894,415,0.09,112,668,15,491,1,57,4,96,1,2,45,3,22,4.03389830508475,0,46,6.745762711864411,0,3105,57.61016949152541,1,5,1.01315789473684,0,27,27,4,879,635,0.465245597775718,0.407407407407407,1,4,3,6,1,0.0302013422818791,NON
src/main/org/codehaus/groovy/classgen/VerifierCodeVisitor.java,0,6,125,6,1,1,0,18,2,8,1,1,2,9,35,1,9,17,32,0,1,7,8,29,17,9,34,74,25,0.47,16,59,6,42,0,8,2,88,2,0,14,2,8,1.88888888888889,1,6,3.11111111111111,1,24,3.88888888888889,1,2,0.818181818181818,0,1,1,1,4,1,0.664,1.0,0,3,1,3,0,0.0,NON
src/main/org/codehaus/groovy/control/GenericsVisitor.java,5,11,135,7,0,2,0,32,4,12,0,0,4,8,23,1,8,31,28,1,1,8,2,64,31,16,35,100,58,0.23,12,93,7,61,0,8,4,75,3,0,3,1,4,2.875,1,9,4.125,1,7,3.875,1,3,2.1,0,2,2,1,2,2,0.992592592592593,1.0,0,1,1,1,0,0.0,NON
src/main/org/codehaus/groovy/control/messages/LocatedMessage.java,0,9,80,3,0,1,0,5,2,10,0,0,2,3,23,1,3,5,15,0,1,3,3,17,5,3,15,38,11,0.61,20,26,3,20,1,3,2,0,3,1,3,1,6,5.33333333333333,5,5,3.6666666666666696,3,3,1.6666666666666698,1,2,1.2,0,1,1,1,18,13,0.5125,1.0,0,4,1,0,0,0.0,NON
src/main/org/codehaus/groovy/control/OptimizerVisitor.java,2,8,96,4,0,1,0,14,2,8,0,0,2,6,23,1,6,12,23,1,4,5,3,35,12,8,24,63,26,0.37,10,50,4,38,0,6,2,54,4,0,7,1,9,3.6666666666666696,1,11,4.5,1,4,2.0,1,1,0.625,0,3,3,3,41,29,0.645833333333333,0.333333333333333,0,2,3,1,0,0.0,NON
src/main/org/codehaus/groovy/control/ResolveVisitor.java,24,14,975,13,0,3,3,217,4,17,0,2,4,48,138,2,48,193,226,10,12,15,14,540,193,140,245,746,432,0.18,91,677,13,491,0,48,5,93,4,1,45,1,14,4.14583333333333,1,23,8.39583333333333,1,328,13.1875,1,4,1.4901960784313704,0,6,6,3,168,58,0.657435897435897,0.5,0,3,3,4,0,0.0,NON
src/main/org/codehaus/groovy/control/StaticImportVisitor.java,6,15,307,11,0,4,0,93,4,15,0,0,4,16,27,1,16,68,85,7,10,17,3,173,68,60,88,257,135,0.11,24,223,11,152,0,16,6,81,4,0,21,1,8,3.6875,1,22,7.4375,1,40,6.8125,1,4,1.72222222222222,0,7,7,3,632,620,0.973941368078176,0.5714285714285711,0,1,3,2,1,0.0116731517509727,NON
src/main/org/codehaus/groovy/reflection/CachedClass.java,3,7,479,7,0,1,4,94,2,8,0,0,2,45,32,14,45,86,124,0,17,8,42,234,86,55,140,379,163,0.08,75,303,7,213,0,45,2,100,1,7,17,2,72,4.6,0,20,4.2888888888888905,1,15,2.44444444444444,1,5,0.868852459016393,0,8,8,2,98,400,0.893528183716075,0.75,0,2,2,2,0,0.0,NON
src/main/org/codehaus/groovy/reflection/CachedConstructor.java,1,6,96,5,0,2,0,16,2,7,2,0,2,8,19,1,8,16,20,1,2,5,6,35,16,14,21,65,21,0.29,12,42,5,29,0,6,2,62,2,0,5,1,10,3.875,1,5,3.5,2,5,1.875,1,2,0.8,0,1,1,1,3,1,0.947916666666667,1.0,0,2,1,0,0,0.0,NON
src/main/org/codehaus/groovy/reflection/CachedMethod.java,2,7,346,7,0,2,1,74,2,8,1,0,2,29,64,2,29,68,68,1,6,7,26,125,68,55,70,224,97,0.29,61,167,7,99,0,28,3,88,3,0,15,2,20,4.24137931034483,0,10,3.31034482758621,1,16,3.2758620689655205,1,3,0.8125,0,5,5,1,412,620,0.9393063583815028,1.0,0,2,1,0,0,0.0,NON
src/main/org/codehaus/groovy/reflection/ClassInfo.java,5,6,416,19,4,1,7,94,2,7,5,0,2,40,20,8,40,86,88,3,17,26,28,178,86,46,93,310,149,0.06,86,242,19,154,0,35,2,90,6,0,34,2,11,3.025,0,21,3.375,1,19,2.075,1,3,0.5714285714285711,0,14,14,2,291,413,0.908653846153846,0.857142857142857,0,2,2,0,0,0.0,NON
src/main/org/codehaus/groovy/reflection/ClassLoaderForClassArtifacts.java,0,9,83,5,0,2,0,15,3,10,0,0,3,6,1,2,6,15,27,0,2,5,6,36,15,14,28,69,27,0.01,14,55,5,39,0,6,3,60,2,1,5,2,7,4.33333333333333,2,7,4.0,2,8,3.0,1,2,1.11111111111111,0,1,1,1,83,0,1.0,1.0,0,1,1,0,0,0.0,NON
src/main/org/codehaus/groovy/reflection/MethodHandle.java,0,1,834,1,0,1,0,823,1,1,0,0,1,823,0,1,823,823,826,1,0,1,822,822,823,823,826,828,822,0.0,6,1648,1,824,0,823,1,0,1,1,1,1,821,4.86512758201701,0,3,2.9951397326852995,1,1,1.0,1,0,0.0,0,2,2,1,835,1,1.0,1.0,0,1,1,0,0,0.0,NON
src/main/org/codehaus/groovy/reflection/MethodHandleFactory.java,8,14,295,8,0,2,1,54,3,17,13,0,3,15,9,2,15,47,69,0,1,10,7,166,47,23,75,233,120,0.04,54,195,8,148,2,2,4,76,2,0,6,2,13,6.66666666666667,2,24,8.4,2,16,3.86666666666667,1,3,1.33333333333333,0,1,1,1,295,0,1.0,1.0,0,1,1,0,1,0.0042918454935622,NON
src/main/org/codehaus/groovy/reflection/MixinInMetaClass.java,2,12,187,16,0,2,0,45,4,14,2,0,4,11,2,2,11,43,47,0,3,18,9,89,43,22,54,151,70,0.01,34,124,16,78,1,9,4,66,4,0,21,2,7,3.54545454545455,1,27,5.90909090909091,1,2124,195.27272727272705,1,4,1.35714285714286,0,5,5,1,267,80,1.0,1.0,0,1,1,0,0,0.0,NON
src/main/org/codehaus/groovy/reflection/ParameterTypes.java,7,11,366,12,0,3,0,93,4,14,2,1,4,22,50,1,22,78,66,2,3,17,13,177,78,63,78,265,154,0.19,51,232,12,154,1,20,4,72,1,2,5,1,51,7.545454545454549,0,10,3.7272727272727297,1,12,3.5,1,3,1.4583333333333302,0,4,4,2,36,6,0.898907103825137,0.75,0,2,2,0,0,0.0,NON
src/main/org/codehaus/groovy/reflection/ReflectionCache.java,0,6,113,6,2,2,6,18,2,8,7,1,2,7,24,1,7,17,22,0,0,7,5,37,17,12,22,66,30,0.36,23,52,6,36,0,0,3,95,1,0,6,1,27,7.571428571428571,1,7,2.57142857142857,0,6,2.14285714285714,1,2,1.0,0,6,6,3,69,97,0.52212389380531,0.666666666666667,0,2,3,0,0,0.0,NON
src/main/org/codehaus/groovy/reflection/ReflectionUtils.java,2,7,135,6,0,1,2,19,2,12,6,5,2,6,54,1,6,11,22,0,2,8,4,39,11,8,20,71,26,0.76,10,46,6,35,0,0,3,87,1,0,0,1,4,2.6666666666666696,1,5,3.1666666666666696,1,4,1.5,1,4,1.5,0,5,5,2,182,47,0.866666666666667,0.8,0,2,2,0,0,0.0,NON
src/main/org/codehaus/groovy/reflection/stdclasses/BigDecimalCachedClass.java,0,4,41,2,0,1,0,4,1,4,0,0,1,3,18,1,3,4,7,0,0,2,3,5,4,3,7,17,5,1.06,6,12,2,7,0,3,1,0,4,0,1,1,3,1.6666666666666698,1,2,1.6666666666666698,1,2,1.33333333333333,1,1,0.6,0,2,2,1,40,1,0.975609756097561,1.0,0,1,1,1,0,0.0,NON
src/main/org/codehaus/groovy/reflection/stdclasses/BooleanCachedClass.java,0,4,40,1,0,1,0,8,1,4,0,0,1,3,18,1,3,3,8,0,1,4,3,6,3,3,8,18,4,1.0,4,12,1,8,0,3,3,0,2,0,1,1,4,3.3333333333333304,2,3,1.6666666666666698,1,1,1.0,1,0,0.0,0,2,2,1,47,2,0.8,1.0,0,2,1,0,0,0.0,NON
src/main/org/codehaus/groovy/reflection/stdclasses/ByteCachedClass.java,0,4,47,2,0,1,0,10,1,4,0,0,1,4,18,1,4,5,8,0,1,4,4,9,5,4,8,23,7,0.78,6,15,2,9,0,4,3,25,3,0,1,1,4,2.75,1,3,1.75,1,2,1.25,1,1,0.5,0,2,2,1,50,3,0.8936170212765959,1.0,0,2,1,0,0,0.0,NON
src/main/org/codehaus/groovy/reflection/stdclasses/CachedClosureClass.java,0,8,44,4,0,1,0,6,2,10,0,0,2,3,2,1,3,6,15,0,2,4,3,15,6,3,16,33,12,0.06,9,28,4,21,1,3,2,33,2,0,3,1,4,2.6666666666666696,2,9,3.6666666666666696,1,4,2.0,1,3,1.8,0,2,2,2,86,0,1.0,0.5,0,1,2,0,0,0.0,NON
src/main/org/codehaus/groovy/reflection/stdclasses/CharacterCachedClass.java,0,4,40,1,0,1,0,8,1,4,0,0,1,3,18,1,3,3,8,0,1,4,3,6,3,3,8,18,4,1.0,4,12,1,8,0,3,3,0,2,0,1,1,4,3.3333333333333304,2,3,1.6666666666666698,1,1,1.0,1,0,0.0,0,2,2,1,47,2,0.8,1.0,0,2,1,0,0,0.0,NON
src/main/org/codehaus/groovy/reflection/stdclasses/DoubleCachedClass.java,0,8,66,3,0,1,0,24,2,8,0,0,2,4,19,1,4,6,11,0,1,16,4,24,6,4,11,41,9,0.46,7,20,3,13,0,4,6,25,3,1,1,1,5,3.25,2,3,2.0,1,3,1.5,1,1,0.5,0,2,2,1,69,3,0.924242424242424,1.0,0,2,1,0,0,0.0,NON
src/main/org/codehaus/groovy/reflection/stdclasses/FloatCachedClass.java,0,7,61,3,0,1,0,20,2,7,0,0,2,4,18,1,4,6,10,0,1,12,4,20,6,4,10,36,9,0.5,7,19,3,12,0,4,5,25,3,0,1,1,4,3.0,2,3,2.0,1,3,1.5,1,1,0.5,0,2,2,1,64,3,0.918032786885246,1.0,0,2,1,0,0,0.0,NON
src/main/org/codehaus/groovy/reflection/stdclasses/IntegerCachedClass.java,0,5,54,2,0,1,0,15,1,6,0,0,1,4,19,1,4,5,9,0,1,9,4,14,5,4,9,29,7,0.66,7,16,2,10,0,4,4,25,3,0,1,1,4,2.75,1,3,2.0,1,2,1.25,1,1,0.5,0,4,4,2,59,5,0.8888888888888891,0.5,0,2,2,1,0,0.0,NON
src/main/org/codehaus/groovy/reflection/stdclasses/LongCachedClass.java,0,6,54,2,0,1,0,16,1,6,0,0,1,4,18,1,4,5,8,0,1,10,4,15,5,4,8,29,7,0.62,7,15,2,9,0,4,4,25,3,0,1,1,4,2.75,1,3,1.75,1,2,1.25,1,1,0.5,0,2,2,1,58,3,0.907407407407407,1.0,0,2,1,0,0,0.0,NON
src/main/org/codehaus/groovy/reflection/stdclasses/ShortCachedClass.java,0,5,49,2,0,1,0,12,1,5,0,0,1,4,18,1,4,5,8,0,1,6,4,11,5,4,8,25,7,0.72,6,15,2,9,0,4,3,25,3,0,1,1,4,2.75,1,3,1.75,1,2,1.25,1,1,0.5,0,2,2,1,52,3,0.8979591836734692,1.0,0,2,1,0,0,0.0,NON
src/main/org/codehaus/groovy/reflection/SunClassLoader.java,1,7,114,3,0,1,1,11,1,7,1,0,1,8,18,2,8,11,30,5,2,3,2,44,11,10,30,82,30,0.22,14,60,3,47,0,7,1,80,2,1,1,2,7,3.5,0,10,4.5,2,3,1.375,1,2,0.7272727272727271,0,1,1,1,114,0,1.0,1.0,0,1,1,0,0,0.0,NON
src/main/org/codehaus/groovy/runtime/ArrayUtil.java,0,3,1260,1,0,1,1,251,1,3,251,0,1,251,0,1,251,251,255,0,0,1,251,502,251,251,254,1008,251,0.0,252,505,1,253,0,0,1,99,1,0,0,1,736,128.33864541832702,2,1,1.0,1,1,1.0,1,0,0.0,0,2,2,1,1260,0,1.0,1.0,0,1,1,0,0,0.0,NON
src/main/org/codehaus/groovy/runtime/callsite/AbstractCallSite.java,4,4,353,4,2,1,0,79,1,4,2,0,1,51,21,1,51,74,79,2,4,5,43,125,74,60,81,258,108,0.08,74,189,4,114,0,49,2,89,1,13,20,2,72,5.49019607843137,0,10,3.0,1,4,1.4509803921568605,1,3,0.555555555555556,0,7,7,1,651,298,1.0,1.0,0,1,1,0,1,0.003875968992248,NON
src/main/org/codehaus/groovy/runtime/callsite/CallSite.java,0,1,91,1,39,1,0,39,1,1,0,0,1,39,0,1,39,39,43,0,0,1,0,0,39,39,43,44,0,0.0,47,43,1,42,0,39,1,0,0,1,2,0,8,0.641025641025641,0,1,1.0,1,1,1.0,1,0,0.0,0,8,8,2,232,787,0.978021978021978,0.875,0,1,2,1,1,0.0227272727272727,NON
src/main/org/codehaus/groovy/runtime/callsite/CallSiteArray.java,7,7,167,4,0,1,1,29,2,8,11,0,2,14,17,2,14,28,40,0,2,5,7,69,28,19,41,124,52,0.14,26,93,4,63,0,3,2,88,2,0,16,1,13,5.642857142857139,2,11,4.57142857142857,2,4,2.0,1,2,0.882352941176471,0,5,5,1,149,26,1.0,1.0,0,1,1,0,1,0.0080645161290322,NON
src/main/org/codehaus/groovy/runtime/callsite/CallSiteClassLoader.java,0,7,57,3,0,2,1,4,2,7,0,0,2,2,15,1,2,4,11,1,0,3,1,18,4,4,10,35,7,0.43,7,17,3,12,0,2,2,50,3,0,0,1,3,2.5,2,5,3.5,2,3,2.0,1,2,1.5,0,2,2,1,102,45,1.0,1.0,0,1,1,0,1,0.0285714285714285,NON
src/main/org/codehaus/groovy/runtime/callsite/CallSiteGenerator.java,3,13,252,8,0,1,1,27,2,17,11,0,2,12,17,1,12,24,60,0,0,8,9,132,24,14,64,181,102,0.09,54,166,8,142,3,1,2,83,1,0,9,1,18,6.66666666666667,0,27,9.41666666666667,1,33,4.08333333333333,1,2,0.6428571428571429,0,5,5,2,587,335,0.9642857142857142,0.8,0,1,2,1,1,0.005524861878453,NON
src/main/org/codehaus/groovy/runtime/callsite/ClassMetaClassGetPropertySite.java,0,4,41,2,0,1,0,4,1,4,0,0,1,3,15,1,3,4,9,0,2,2,3,8,4,3,9,21,7,0.71,5,16,2,11,0,3,1,16,2,0,3,1,3,2.6666666666666696,2,5,3.0,2,2,1.33333333333333,1,1,0.6,0,1,1,1,41,0,1.0,1.0,0,1,1,0,1,0.0476190476190476,NON
src/main/org/codehaus/groovy/runtime/callsite/ConstructorMetaClassSite.java,0,4,16,2,0,1,0,3,2,4,0,0,2,2,0,1,2,3,5,0,0,2,2,5,3,2,5,13,4,0.0,3,9,2,5,0,2,2,0,3,0,3,1,3,2.5,2,4,3.0,2,2,1.5,1,1,0.75,0,1,1,1,3,7,1.0,1.0,0,1,1,0,1,0.0769230769230769,NON
src/main/org/codehaus/groovy/runtime/callsite/ConstructorMetaMethodSite.java,0,5,34,2,0,1,0,5,1,5,0,0,1,3,9,1,3,4,8,0,0,3,3,9,4,3,8,22,7,0.41,5,15,2,10,0,3,2,0,4,0,5,1,5,4.33333333333333,3,6,4.0,2,2,1.33333333333333,1,1,0.6,0,1,1,1,6,4,1.0,1.0,0,1,1,0,1,0.0454545454545454,NON
src/main/org/codehaus/groovy/runtime/callsite/ConstructorSite.java,0,6,113,4,0,1,1,20,2,6,1,0,2,9,29,4,9,16,22,0,2,4,9,37,16,12,22,76,26,0.38,16,48,4,28,0,8,2,50,5,2,8,1,7,5.44444444444444,4,7,4.33333333333333,2,4,1.77777777777778,1,3,1.14285714285714,0,1,1,1,29,17,1.0,1.0,0,1,1,0,1,0.0131578947368421,NON
src/main/org/codehaus/groovy/runtime/callsite/DummyCallSite.java,0,3,26,1,0,1,0,1,1,3,0,0,1,1,15,1,1,1,6,0,0,1,1,1,1,1,6,9,1,1.67,2,7,1,5,0,1,1,0,2,0,1,1,3,3.0,3,2,2.0,2,1,1.0,1,0,0.0,0,2,2,1,56,30,1.0,1.0,0,1,1,0,1,0.1111111111111111,NON
src/main/org/codehaus/groovy/runtime/callsite/GetEffectivePogoFieldSite.java,0,6,76,2,0,1,0,18,2,6,0,0,2,6,15,1,6,11,16,0,2,4,6,23,11,6,16,51,18,0.29,10,34,2,22,0,6,3,41,2,0,5,1,6,3.1666666666666696,2,6,4.33333333333333,2,2,1.8333333333333304,1,1,0.875,0,1,1,1,76,0,1.0,1.0,0,1,1,0,1,0.0196078431372549,NON
src/main/org/codehaus/groovy/runtime/callsite/GetEffectivePogoPropertySite.java,0,5,58,2,0,1,0,18,2,5,0,0,2,6,7,1,6,10,14,0,2,4,6,20,10,6,14,43,16,0.16,8,30,2,19,0,6,3,25,2,0,4,1,4,2.6666666666666696,2,6,4.33333333333333,2,2,1.6666666666666698,1,1,0.75,0,1,1,1,58,0,1.0,1.0,0,1,1,0,1,0.0232558139534883,NON
src/main/org/codehaus/groovy/runtime/callsite/GetEffectivePojoFieldSite.java,0,5,55,2,0,1,0,7,2,5,0,0,2,4,15,1,4,6,13,0,2,3,4,12,6,4,13,32,10,0.47,8,23,2,16,0,4,2,50,2,0,5,1,5,3.25,1,5,3.5,2,2,1.5,1,1,0.666666666666667,0,1,1,1,55,0,1.0,1.0,0,1,1,0,1,0.03125,NON
src/main/org/codehaus/groovy/runtime/callsite/GetEffectivePojoPropertySite.java,0,5,51,2,0,1,0,9,2,5,0,0,2,4,15,1,4,6,12,0,2,4,4,12,6,4,12,30,10,0.5,6,22,2,15,0,4,2,25,2,0,5,1,4,2.75,2,7,4.25,2,2,1.5,1,1,0.666666666666667,0,1,1,1,51,0,1.0,1.0,0,1,1,0,1,0.0333333333333333,NON
src/main/org/codehaus/groovy/runtime/callsite/GroovySunClassLoader.java,1,8,69,3,0,2,1,6,2,8,0,0,2,4,16,3,4,6,17,1,0,3,2,23,6,6,17,46,16,0.35,8,33,3,26,0,4,2,100,3,0,2,2,5,2.0,1,8,3.75,1,3,1.5,1,2,0.75,0,2,2,1,71,2,1.0,1.0,0,1,1,0,0,0.0,NON
src/main/org/codehaus/groovy/runtime/callsite/MetaClassConstructorSite.java,0,4,38,2,0,1,0,3,2,4,0,0,2,2,22,1,2,3,5,0,0,2,2,5,3,2,5,13,4,1.69,3,9,2,5,0,2,2,0,3,0,3,1,4,3.5,3,4,3.0,2,2,1.5,1,1,0.75,0,1,1,1,3,7,1.0,1.0,0,1,1,0,1,0.0769230769230769,NON
src/main/org/codehaus/groovy/runtime/callsite/MetaClassSite.java,0,4,32,1,0,1,0,1,1,4,0,0,1,1,20,1,1,1,5,0,1,1,1,2,1,1,5,9,2,2.22,3,7,1,5,0,1,1,0,2,7,1,1,9,9.0,9,3,3.0,3,1,1.0,1,0,0.0,0,1,1,1,1,1,1.0,1.0,0,1,1,0,0,0.0,NON
src/main/org/codehaus/groovy/runtime/callsite/MetaMethodSite.java,0,5,35,1,0,1,0,1,1,5,0,0,1,1,20,1,1,1,7,0,2,1,1,3,1,1,7,12,3,1.67,3,10,1,8,0,1,1,0,3,4,2,1,8,8.0,8,4,4.0,4,1,1.0,1,0,0.0,0,2,2,1,22,22,1.0,1.0,0,1,1,0,0,0.0,NON
src/main/org/codehaus/groovy/runtime/callsite/PerInstancePojoMetaClassSite.java,0,5,36,2,0,1,0,3,2,5,0,0,2,2,15,1,2,3,9,0,1,2,2,6,3,2,9,17,5,0.88,4,14,2,10,0,2,2,0,2,0,4,1,4,3.5,3,5,4.0,3,2,1.5,1,1,0.75,0,1,1,1,37,0,1.0,1.0,0,1,1,0,1,0.0588235294117647,NON
src/main/org/codehaus/groovy/runtime/callsite/PogoGetPropertySite.java,0,4,45,2,0,1,0,6,2,4,0,0,2,4,15,1,4,6,8,0,1,2,4,11,6,4,8,24,9,0.62,6,17,2,10,0,4,2,25,2,0,1,1,3,2.25,2,3,2.75,2,2,1.5,1,1,0.666666666666667,0,1,1,1,45,0,1.0,1.0,0,1,1,0,1,0.0416666666666666,NON
src/main/org/codehaus/groovy/runtime/callsite/PogoInterceptableSite.java,0,3,46,2,0,1,0,5,1,3,0,0,1,4,20,1,4,5,9,0,0,2,4,7,5,4,9,21,6,0.95,5,15,2,9,0,4,1,0,2,0,4,1,4,3.0,2,4,2.75,2,2,1.25,1,1,0.5,0,3,3,1,8,4,1.0,1.0,0,1,1,0,1,0.0476190476190476,NON
src/main/org/codehaus/groovy/runtime/callsite/PogoMetaClassGetPropertySite.java,0,4,46,2,0,1,0,8,2,4,0,0,2,4,15,1,4,6,9,0,1,3,4,11,6,4,9,25,9,0.6,6,18,2,11,0,4,2,0,2,0,3,1,3,2.5,2,3,2.75,2,2,1.5,1,1,0.666666666666667,0,1,1,1,46,0,1.0,1.0,0,1,1,0,1,0.04,NON
src/main/org/codehaus/groovy/runtime/callsite/PogoMetaClassSite.java,0,10,73,5,0,3,0,15,3,10,0,0,3,4,21,1,4,12,10,1,0,6,3,26,12,12,10,47,20,0.45,5,30,5,17,0,4,4,0,3,0,6,1,10,6.0,4,10,6.0,2,5,3.0,1,3,2.0,0,4,4,1,51,35,1.0,1.0,0,1,1,0,1,0.0212765957446808,NON
src/main/org/codehaus/groovy/runtime/callsite/PogoMetaMethodSite.java,1,9,295,5,0,3,0,79,3,9,3,0,3,23,32,6,23,67,39,6,1,7,16,141,67,64,39,238,102,0.13,31,141,5,80,0,20,3,0,6,3,11,1,10,6.08695652173913,2,7,3.7826086956521694,2,5,2.91304347826087,1,3,1.23333333333333,0,6,6,1,237,64,1.0,1.0,0,1,1,0,1,0.0042016806722689,NON
src/main/org/codehaus/groovy/runtime/callsite/PojoMetaClassGetPropertySite.java,0,3,37,1,0,1,0,4,1,3,0,0,1,4,15,1,4,4,8,0,0,1,4,4,4,4,8,17,4,0.88,5,12,1,7,0,4,1,0,2,0,1,1,2,1.5,0,2,1.75,1,1,1.0,1,0,0.0,0,2,2,1,45,8,1.0,1.0,0,1,1,0,1,0.0588235294117647,NON
src/main/org/codehaus/groovy/runtime/callsite/PojoMetaClassSite.java,0,4,42,2,0,1,0,4,1,4,0,0,1,3,22,1,3,4,6,1,0,2,2,6,4,3,6,16,5,1.38,4,11,2,6,0,3,1,0,3,0,3,1,5,4.0,3,4,3.0,2,2,1.33333333333333,1,1,0.6,0,2,2,1,10,10,1.0,1.0,0,1,1,0,1,0.1875,NON
src/main/org/codehaus/groovy/runtime/callsite/PojoMetaMethodSite.java,0,8,277,5,0,2,0,68,2,8,3,0,2,23,34,6,23,55,40,7,2,5,16,118,55,54,40,209,85,0.16,40,125,5,70,0,20,3,84,6,22,13,1,95,11.4782608695652,3,7,4.39130434782609,2,5,2.39130434782609,1,3,1.2,0,5,5,1,174,27,1.0,1.0,0,1,1,0,1,0.0047846889952153,NON
src/main/org/codehaus/groovy/runtime/callsite/StaticMetaClassSite.java,0,5,30,2,0,1,0,5,2,5,0,0,2,3,7,1,3,5,6,0,0,2,3,9,5,3,6,19,7,0.37,4,13,2,7,0,3,2,0,3,0,3,1,5,4.33333333333333,4,4,3.3333333333333304,2,2,1.6666666666666698,1,1,0.8,0,3,3,1,11,8,1.0,1.0,0,1,1,0,1,0.1578947368421052,NON
src/main/org/codehaus/groovy/runtime/callsite/StaticMetaMethodSite.java,0,5,135,5,0,1,0,33,1,5,1,0,1,15,40,3,15,21,24,6,1,5,9,44,21,19,24,88,28,0.45,19,52,5,28,0,14,2,36,5,2,9,1,8,5.06666666666667,2,9,3.7333333333333294,2,5,1.4,1,3,0.578947368421053,0,5,5,1,59,28,1.0,1.0,0,1,1,0,1,0.0113636363636363,NON
src/main/org/codehaus/groovy/runtime/DefaultGroovyMethods.java,27,7,10835,21,0,1,9,1290,2,15,632,7,2,675,5431,18,671,1241,1255,12,17,31,632,2769,1241,850,1388,4620,2077,1.18,799,3465,21,2255,0,39,2,99,2,0,76,2,27,2.50670640834575,0,15,3.36512667660209,0,30,1.97913561847988,1,7,0.617391304347826,0,86,86,8,2478,1226,0.4606793428096729,0.802325581395349,6,5,2,22,1,0.0002164502164502,NON
src/main/org/codehaus/groovy/runtime/DefaultGroovyMethodsSupport.java,5,10,278,8,0,2,0,55,3,13,16,1,3,17,46,2,17,55,51,11,3,8,1,127,55,42,54,199,105,0.23,33,159,8,103,0,1,3,0,1,2,6,1,15,4.0,1,9,4.0,1,26,4.35294117647059,1,3,1.15,0,14,14,1,399,55,1.0,1.0,0,1,1,0,0,0.0,NON
src/main/org/codehaus/groovy/runtime/DefaultGroovyStaticMethods.java,2,4,167,5,0,1,0,16,2,11,10,7,2,10,97,1,10,16,22,0,0,5,8,24,16,14,22,58,21,1.67,13,43,5,27,0,0,2,0,1,0,3,1,7,2.3,0,4,2.1,1,5,1.5,1,4,1.08333333333333,0,4,4,2,152,62,0.347305389221557,0.75,0,5,2,1,1,0.1206896551724138,IL
